abagen-genepc1,aghourian2017-feobv,alarkurtti2015-raclopride,bedard2019-feobv,beliveau2017-az10419369,beliveau2017-cimbi36,beliveau2017-cumi101,beliveau2017-dasb,beliveau2017-sb207145,ding2010-mrb,dubois2015-abp688,dukart2018-flumazenil,dukart2018-fpcit,fazio2016-madam,finnema2016-ucbj,gallezot2010-p943,gallezot2017-gsk189254,hcps1200-megalpha,hcps1200-megbeta,hcps1200-megdelta,hcps1200-meggamma1,hcps1200-meggamma2,hcps1200-megtheta,hcps1200-megtimescale,hcps1200-myelinmap,hcps1200-thickness,hesse2017-methylreboxetine,hillmer2016-flubatine,jaworska2020-fallypride,kaller2017-sch23390,kantonen2020-carfentanil,laurikainen2018-fmpepd2,margulies2016-fcgradient01,margulies2016-fcgradient02,margulies2016-fcgradient03,margulies2016-fcgradient04,margulies2016-fcgradient05,margulies2016-fcgradient06,margulies2016-fcgradient07,margulies2016-fcgradient08,margulies2016-fcgradient09,margulies2016-fcgradient10,mueller2013-intersubjvar,naganawa2020-lsn3172176,neurosynth-cogpc1,norgaard2021-flumazenil,normandin2015-omar,radnakrishnan2018-gsk215083,raichle-cbf,raichle-cbv,raichle-cmr02,raichle-cmruglu,reardon2018-scalinghcp,reardon2018-scalingnih,reardon2018-scalingpnc,rosaneto-abp688,sandiego2015-flb457,sasaki2012-fepe2i,satterthwaite2014-meancbf,savli2012-altanserin,savli2012-dasb,savli2012-p943,savli2012-way100635,smart2019-abp688,smith2017-flb457,sydnor2021-SAaxis,tuominen-feobv,turtonen2020-carfentanil,xu2020-FChomology,xu2020-evoexp
1.9976611,21.832129,19.80911,6.19294,22.616938,51.894794,20.661003,4.028904,1.7473702,0.07056851,2.3163865,71.63418,26.585268,9.553855,3.8866968,1.1634529,14.168982,0.38439295,0.08542158,0.28861335,0.018176327,0.010492618,0.21290317,13.907556,1.4970697,2.186651,11.700935,10.38629,0.70690423,9.5690975,2.6087856,8.320067,-0.9116449,1.8781722,0.3955787,0.7643136,-0.43052715,0.024226844,-0.21824904,0.1875313,-0.4156235,-0.06260587,0.5974819,4.2929554,0.00048657437,917.18896,1.1973234,0.5319794,5487.462,3975.0515,5066.074,6506.3228,0.9887652,0.89358664,1.0028857,3.5141447,0.8641083,0.16881166,64.48126,66.49532,2.1188755,30.451822,21.495321,0.68426216,0.7757444,-1.085056,1.2755328,0.3346544,3.2160642,6.973956
1.7715205,22.697828,19.206188,6.0094023,25.816668,54.200546,18.980013,6.507606,1.6877922,0.004231997,2.3593426,79.691345,29.47926,11.008978,3.65833,1.088058,15.380461,0.3751481,0.083953656,0.29336336,0.016890401,0.009235792,0.22140871,15.600042,1.5472584,2.0977058,11.7644,9.192861,0.62193406,17.054121,3.3240776,7.2184067,-4.214526,3.9329238,-1.0931089,0.9339006,-0.62381166,0.008323857,0.16868336,-0.21306448,0.31448263,0.14661448,0.5595814,3.8518388,-0.000332169,1033.1423,1.1049,0.42417863,6414.7827,5150.9995,5974.411,6818.76,0.9670018,0.8260485,0.8410834,3.3715906,0.6299582,0.049289778,58.866287,63.348663,11.022372,44.576687,20.686605,0.8044772,0.38354236,-1.4873865,1.3931007,0.37209013,3.972996,14.250156
1.3569862,23.600096,21.803297,6.205362,22.387648,55.610287,25.363401,4.14671,2.1751654,0.08405447,2.3484542,73.673325,27.157652,8.314861,3.897908,1.0431968,14.489194,0.3961854,0.08678512,0.27662352,0.017353142,0.009398471,0.21365432,13.217197,1.4401765,2.3297303,10.910213,10.593652,0.7592726,11.492702,7.853307,9.150794,-4.0592346,5.148984,-0.91988695,-0.06664267,-0.43393287,0.12057104,-0.39249113,-0.00022975785,-0.11185737,-0.07082907,0.5835024,4.1424727,0.000700332,921.34784,1.2441096,0.5391954,5577.88,3988.4556,5251.7505,6618.9688,1.0718255,0.9993749,1.1079738,3.5098372,0.894083,0.17530255,68.21482,72.193634,3.9923584,49.634464,29.742537,0.7400547,0.8589723,-0.80037326,1.3052615,0.546611,2.534679,10.20176
1.2920786,21.815004,21.14867,6.021731,20.89096,48.801975,21.122164,4.587263,2.0136995,0.09336312,2.1793554,65.768036,25.877172,5.5479364,3.9609423,1.0087179,14.85687,0.43233693,0.089881025,0.24882202,0.016818762,0.008554749,0.2035865,12.435597,1.5171214,2.2386866,10.34572,10.346223,0.706006,9.71438,6.2796454,8.908626,-4.4433026,4.9246516,-1.1123272,0.46906766,-0.61026937,0.13563637,-0.17041883,-0.17062737,0.17429122,0.07435783,0.58202356,4.2099547,0.001489795,863.9514,1.2124608,0.4647179,5882.1157,5258.733,5426.6387,6763.7524,0.97052675,0.90580076,0.978186,3.3482552,0.7753064,0.1439996,61.69868,60.087914,4.751814,46.90876,25.16871,0.750065,0.7690199,-1.1829567,1.2967843,0.5419547,2.9330478,6.6313877
2.0810366,20.933662,20.399752,6.207909,21.624157,52.812386,20.255556,4.082632,1.7179848,0.09784231,2.254564,73.19374,25.814745,10.010003,3.6516924,1.2655501,13.807145,0.37902978,0.08468971,0.2904206,0.020108057,0.012171153,0.21358073,13.945959,1.4980237,2.2061276,11.2548275,10.609886,0.7004633,9.444613,2.7743094,8.236705,-0.9409146,1.9803165,0.39236477,0.6693595,-0.4353636,-0.018801315,-0.17973483,0.18736108,-0.39452028,-0.05215018,0.5956161,4.211122,0.00021482742,936.51044,1.2353232,0.5185677,5460.775,4049.708,5141.1265,6362.7964,0.96732026,0.9893554,1.0645999,3.4819615,0.7937379,0.16913845,64.97885,60.586735,1.9308871,38.5715,20.837347,0.64820445,0.63661945,-0.99971396,1.2725126,0.32014024,3.1985734,3.7252462
-0.007626081,24.683743,21.84567,6.2260833,21.05495,56.660404,31.62055,3.4438865,2.5050623,0.070438705,2.582145,74.20465,25.231033,7.655188,3.9771273,0.9663806,17.40141,0.33048594,0.10149509,0.29055727,0.018841522,0.010116282,0.24850386,15.346061,1.2581812,2.669624,13.621611,10.962252,1.1405202,14.47132,26.951302,11.217584,6.624816,-0.17110005,-1.9033145,-0.08256882,0.1670288,0.48542118,-0.07386908,-0.18362549,0.230515,-0.09523247,0.64504373,4.234797,-0.0027572177,914.99084,1.3888485,0.6122842,5865.889,4299.1807,5131.669,6641.484,0.9490482,1.0167941,1.1773604,3.7426047,1.2370541,0.13418192,65.95784,79.07842,4.309641,50.79987,36.898514,0.97608465,1.0217803,1.0360804,1.3102409,1.3257389,0.60199547,65.54655
2.376502,22.356066,18.89252,5.9930224,24.237911,49.41858,12.541756,4.3679376,1.2295549,0.08288136,2.2667289,72.87106,25.455261,11.423741,3.8575008,1.3225707,16.207026,0.37609515,0.08310061,0.29444507,0.019413745,0.011953297,0.2149921,14.441776,1.5214273,2.0805953,11.750433,10.184082,0.5961274,9.202698,0.011496486,7.286276,2.3502831,0.43311498,1.1998897,0.9829403,-1.027989,0.020603886,-0.29155713,0.1817287,-0.47152326,-0.107163854,0.5803708,4.4603324,0.00032097462,971.209,1.201667,0.49495614,5699.518,6179.6523,5254.725,6323.6226,0.87720686,0.8875207,0.847896,3.6102066,0.6408092,0.117383786,64.00527,54.382576,2.8385324,28.252836,13.970053,0.6051556,0.5173624,-1.2209036,1.259932,0.22106154,3.2891417,3.3765926
0.53978866,32.153385,21.069614,7.0881443,20.668854,44.20656,28.260416,4.960494,1.7039663,0.16662064,2.4297845,60.63295,28.777796,8.075854,3.089988,0.97761256,16.957071,0.28002965,0.11060068,0.31371802,0.022476286,0.011481509,0.2616939,16.013754,1.4836001,2.3249795,14.159916,10.78749,0.9434057,10.880916,16.138899,9.019731,-4.7788777,-2.5147507,-1.5083051,-0.06985129,-0.5682796,-0.5165481,0.116033815,-0.015971972,0.081694655,-0.22673312,0.5669197,3.424471,0.0021181083,855.39484,1.2700907,0.40732893,6122.855,4355.894,5415.692,6537.753,0.9682079,1.0801076,1.0709624,3.6461396,0.8899163,0.19122843,62.217697,51.556206,5.6871576,42.77692,24.789644,0.8247162,0.7377112,-1.1623642,1.6043503,0.9595198,1.6872175,12.471072
0.54275745,27.392252,19.948845,6.139276,18.366533,49.408974,20.070675,4.5623713,1.9631467,-0.0066011352,2.332403,59.771942,28.152195,7.575218,2.9295368,0.72482497,14.949558,0.35389495,0.102880605,0.27598542,0.021657415,0.011003069,0.23457858,14.6094475,1.550926,2.2319734,9.059355,9.594881,0.66028166,13.974848,13.146168,8.339275,1.6700269,0.0857707,1.7784333,0.19224276,-0.11720429,-0.096159354,0.36683807,-0.0066132545,0.026110267,0.41512987,0.6124165,3.1741455,-0.0012640521,839.64886,1.1305404,0.36470574,6581.012,5880.4316,5567.8677,7444.483,0.85721564,0.8251182,0.88531864,3.363841,0.5815452,0.11353242,67.13795,50.955357,6.456955,34.355408,23.1467,0.78309405,0.43594426,-0.5372362,1.2748175,0.732354,0.41000572,22.745718
0.1926446,24.866245,21.046469,6.4334884,21.535452,58.320034,30.303364,3.597075,2.5558803,0.10872594,2.5836444,72.90538,25.041328,9.517501,4.581206,1.0830163,18.843359,0.35843557,0.10400231,0.27461854,0.01891333,0.009392394,0.23463783,13.232985,1.2741716,2.6362975,16.2453,11.7391615,1.061701,14.719028,26.377476,11.378753,5.958395,-0.004794607,-1.1514019,-0.17628834,-0.30247468,0.49485675,0.68687135,0.03984699,0.076214984,-0.18887731,0.6451595,4.712787,-0.0023222195,917.05963,1.4330103,0.58635056,5807.919,3979.9258,5099.361,6673.3325,1.0313398,1.0307647,1.0801973,3.882382,1.1727475,0.09993051,67.11856,73.58975,3.3907614,46.27258,31.425383,0.99708277,1.0800201,0.7999169,1.3395824,1.2124933,0.30610698,61.47714
1.1031814,23.406847,20.453402,5.7874703,19.210197,48.83724,22.50201,4.705231,1.9145408,0.07742506,2.3829782,69.36441,25.335485,8.520125,3.8654416,0.9058527,16.110752,0.42684066,0.09331553,0.24637544,0.016985094,0.008264489,0.20821881,12.451323,1.4587005,2.226639,10.395382,9.957168,0.74839705,10.937514,8.6128025,8.9882,-4.427947,4.252762,-1.0907025,0.6737874,-0.5966706,0.09660557,0.013878512,-0.22601335,0.30046424,0.13053578,0.6001313,4.0936685,0.0006945187,853.59406,1.2070962,0.47887462,6110.0835,5686.5303,5513.719,6754.641,0.9796606,0.94175494,1.004794,3.3991973,0.7934309,0.10151893,57.565544,55.21327,4.9103966,34.152725,24.30305,0.85148424,0.6384661,-1.3029635,1.2908032,0.6144398,3.2955277,13.74049
-0.36621898,26.028206,22.210236,6.675475,21.902983,58.060993,33.92429,3.994323,2.48705,0.10673889,2.6008167,70.93466,26.929304,9.234712,3.7502418,1.1452298,18.068832,0.26474452,0.108107686,0.32409075,0.024871262,0.013841369,0.26434442,19.679474,1.2239625,2.6711047,10.360126,11.045652,1.0603209,14.887433,32.293934,11.785432,-0.5497085,-0.0710295,2.5065472,-0.53667486,1.0052683,0.050978594,0.18445417,-0.15100677,0.2518752,0.2124318,0.6760707,4.0719733,0.00093035784,925.6413,1.4414446,0.54539007,5997.3804,3986.0376,5066.595,6531.7905,1.0430081,1.140296,1.1883466,4.019029,1.1972628,0.14134148,71.14226,76.44731,5.1699195,53.989517,35.886944,0.9959064,0.980797,0.9185604,1.456264,1.5155424,1.1306583,17.46523
2.1543357,22.827211,20.068462,5.988027,22.356564,48.911785,15.285897,4.3590946,1.5241286,0.08684288,2.2659442,70.99585,25.456184,10.558868,3.8459995,1.3215616,15.259016,0.39904076,0.08261532,0.28019103,0.01782026,0.010357548,0.20997506,13.334997,1.5159482,2.066309,10.159034,10.256852,0.63129807,8.999834,0.8102347,7.7668123,-1.9933599,2.8373573,-0.08030735,0.803102,-0.60832715,0.034006637,-0.20059532,0.07079817,-0.23462512,0.012402116,0.5647405,4.446402,0.00040648016,930.1495,1.1915622,0.49623644,5614.1245,4028.1772,5215.7935,6439.6704,0.95046294,0.85583705,0.9440567,3.5695088,0.6635476,0.13593079,65.49509,56.366943,1.6428152,28.759209,16.252958,0.6377109,0.57610935,-1.2513955,1.2564336,0.2759257,3.3839598,3.2665489
2.2956305,21.870398,19.496273,6.0292253,21.640528,49.212837,19.252922,4.7748404,1.6482128,-0.0028415853,2.2564254,78.4933,29.327463,8.732024,3.8671415,1.0113127,14.737411,0.37879714,0.07924959,0.2997034,0.015893932,0.0087378975,0.21761805,14.603217,1.4886527,2.1860704,11.56631,9.217141,0.71723074,16.838808,1.5915618,6.83236,-4.3597913,4.9889307,-1.2556217,0.7169264,-0.69657344,0.042397805,-0.062408477,-0.17199165,0.19804947,0.143954,0.5509106,3.7875586,-0.000107103166,979.1899,1.1506162,0.3994804,6568.8687,8436.869,6034.86,7053.0044,0.8640634,1.0348535,1.011148,3.3830297,0.74297506,0.028839957,59.599495,71.507645,7.4448714,41.083637,18.774979,0.72354656,0.546567,-1.4237014,1.3139117,0.2739251,3.2245219,4.5610948
-0.06629042,25.091442,21.71785,6.2206507,21.280262,56.785103,32.08406,3.3951955,2.2978723,0.08696396,2.5714412,69.401405,27.03761,7.1109505,3.7877183,1.0618775,17.746479,0.31228405,0.11442164,0.29400423,0.021331523,0.010155338,0.24780321,14.684273,1.2816708,2.5774248,10.904986,11.042452,1.0025905,16.394726,26.796871,10.934427,1.5800648,0.6779618,2.3694453,-1.7377331,-0.16055338,-0.48588258,0.31522265,0.049164962,0.11190389,0.1219179,0.63985145,4.1517477,0.0025084072,871.1129,1.3309805,0.5251738,6132.3066,4226.911,5389.9385,6872.2603,1.04077,1.2452321,1.145188,3.69549,1.0455551,0.14067045,66.66934,70.97838,3.773177,43.898613,34.64189,0.95169145,0.91124666,0.42769924,1.3685776,1.3268077,1.4494655,10.318632
2.0117316,22.95827,21.691195,5.918184,22.51395,49.641155,16.84616,4.9525504,1.7211416,0.07470681,2.301456,72.42019,25.726923,11.063888,3.6761842,1.0965513,14.615433,0.4421784,0.08281197,0.25190595,0.015820941,0.008375038,0.19890769,12.293996,1.4795542,2.055272,11.463795,9.909516,0.66288984,11.593264,1.146253,8.048041,-4.3528214,4.80583,-1.1639868,0.6673806,-0.6612418,0.07081692,-0.09144166,-0.17313014,0.1908469,0.124837704,0.5591497,4.126232,3.9431594e-05,921.1109,1.1512043,0.49893212,6335.403,9116.655,5756.397,6849.7324,0.9112779,0.779091,0.682997,3.3765368,0.67253864,0.12344448,62.646915,64.93533,5.637317,51.473553,21.906054,0.7360296,0.61178946,-1.51706,1.2271194,0.30250773,3.46275,4.275554
0.21406423,23.872843,20.365099,6.3804417,22.640297,57.9453,31.827408,3.2661002,2.6672282,0.120124854,2.5562663,71.388626,24.776619,8.961556,5.085223,1.1704795,19.138506,0.38461813,0.097139455,0.2698518,0.017777653,0.00927871,0.22133425,13.360845,1.2610413,2.7420828,13.737065,11.826953,1.1004113,12.845794,25.509382,11.437733,1.5761839,0.9304459,0.898801,-1.0024475,0.18570535,0.06982002,0.7974794,0.23244365,-0.09432386,0.10893153,0.6653367,4.8759828,-0.0014771878,928.31805,1.4533037,0.50117123,5496.009,3651.8816,4927.052,6209.3213,1.075421,1.1577375,1.117645,4.1589847,1.2336347,0.05706019,64.42039,68.172,0.65993595,31.138205,29.482079,0.9896618,1.2229892,0.0528778,1.3248956,1.1085887,0.408552,41.74947
-0.3084327,33.279526,21.315704,8.278585,19.859377,52.123837,41.06008,7.409681,2.3483136,0.08753084,2.692896,70.69347,33.681038,12.749238,3.8762577,0.9145681,20.754818,0.29790023,0.09752234,0.32039493,0.021699538,0.012640703,0.24984226,17.848389,1.2810559,2.8897421,16.082167,10.36709,1.9830587,19.838604,30.246397,9.688031,-3.6457937,-1.5447004,0.30427805,0.18015954,0.46488306,0.037082724,0.11889487,-0.196417,0.2933227,-0.3333531,0.6042225,4.142758,0.0016192865,913.6604,1.3755609,0.54276156,6204.3174,5092.2217,5104.457,6047.8364,0.9551457,1.0446931,1.037037,3.8575308,1.6831955,0.4856031,66.14267,64.78933,13.439758,35.639668,38.433846,1.0929213,1.3983002,-0.14228657,1.963597,1.3359537,1.9888313,11.209187
1.0286828,24.25882,22.255627,6.142853,22.265448,59.439198,27.953842,4.065499,2.3418393,0.07996827,2.3878448,68.44765,27.2482,8.157198,3.9998946,1.0023808,15.423426,0.40616372,0.08952793,0.26553264,0.016058827,0.007925483,0.2147914,12.626064,1.3892874,2.437236,9.914569,10.72079,0.7928632,12.286818,12.30321,9.496918,-3.6852503,4.841595,-0.5658301,-0.3430558,-0.24135834,0.17914325,-0.2071602,0.013453122,-0.061673265,-0.037758127,0.6079731,4.215944,0.0007131635,906.4911,1.2739207,0.49132505,5610.005,4043.7183,5285.0156,6611.8623,1.0942488,1.0602031,1.0018576,3.5763772,0.86750704,0.16749322,69.390305,69.48883,4.0205035,45.656536,30.346025,0.8014399,0.8595849,-0.8210279,1.2433443,0.7372465,2.247258,13.473781
1.268374,23.186087,20.615772,6.3334136,20.420593,55.761738,28.392696,3.8617463,2.120948,0.08994635,2.3567014,69.5232,26.599625,7.2572646,4.0732255,0.974586,14.776614,0.37544808,0.08432097,0.29052955,0.019227311,0.011699684,0.2187744,15.6406555,1.3893738,2.6243193,14.9773245,10.5312605,0.91919595,10.778603,11.401616,9.198903,-3.8970118,4.830085,-1.0316182,-0.08133528,-0.30910242,-0.05166924,-0.40972155,0.04745217,-0.17496566,-0.09536482,0.5883404,4.3549957,0.0005602367,917.67847,1.2924043,0.5348486,5331.216,6390.0474,4997.308,6078.6147,0.9981158,1.042899,1.1257021,3.5753992,1.1006491,0.10798224,58.502693,68.29395,3.3962507,34.01762,29.730747,0.7677275,0.9165175,-0.8256423,1.2640381,0.61911243,2.6032436,8.745155
1.9771773,23.030872,20.804857,5.8591843,23.356478,50.79234,17.576271,5.686514,1.7215128,0.07370781,2.381405,78.356476,26.72416,11.840701,4.1251655,1.1601199,16.200855,0.43924186,0.08663233,0.24731478,0.01586426,0.007843604,0.20310315,12.235631,1.4844042,2.0728302,13.488273,9.589833,0.7171452,14.866145,1.4294635,7.956969,-4.4212785,4.442561,-1.1739836,0.7620896,-0.6764448,0.06650362,0.00013809765,-0.21402438,0.2739462,0.14412765,0.55501246,4.523491,0.00043435086,948.6011,1.1448711,0.5643068,6812.539,8176.438,6233.6636,7237.6294,0.91853255,0.81722575,0.69489014,3.4722986,0.71090406,0.0765344,62.413616,69.05213,9.695095,44.834236,22.642153,0.85984355,0.52506334,-1.514373,1.2689294,0.33654502,3.6536846,13.442128
1.9460689,22.514006,21.63784,5.9187803,20.326988,49.8522,16.596668,4.606397,1.6693481,0.13068554,2.2394621,71.12767,24.87635,11.607527,3.860245,1.3139534,15.451137,0.4165443,0.08412239,0.26527706,0.017292446,0.0096228905,0.20714092,12.471009,1.5012252,2.0947614,9.165844,10.166019,0.65765697,9.424888,1.0757726,8.145528,-4.457132,5.059989,-1.2906511,0.54078275,-0.7130441,0.058789577,-0.1976836,-0.14375682,0.124371,0.115360744,0.55417305,4.4375377,0.0008098885,897.67706,1.2183539,0.51369345,5644.185,5313.027,5226.8394,6347.1313,0.9602193,0.8513195,0.9205178,3.4274523,0.6772954,0.10134329,60.601337,54.818172,1.350828,30.347351,16.614634,0.6729056,0.6118696,-1.4387733,1.3037474,0.32064965,3.4623432,3.824499
0.37789375,25.0376,21.205244,6.1923985,21.276382,50.106316,25.30483,3.4714656,2.0043013,0.07220525,2.3278291,63.756123,27.034214,6.143053,3.4410741,0.9573518,16.409939,0.32865095,0.11143448,0.28007045,0.02001125,0.008411489,0.25142142,13.108378,1.3902456,2.4225295,11.233919,10.792186,0.7522501,13.708254,19.7104,9.613374,-2.6724102,2.7411535,0.58470654,-0.98575747,0.28725472,0.18862028,-0.1718234,0.020956181,-0.037866697,-0.15765548,0.6267155,3.7556996,0.0030563376,835.5492,1.2310361,0.45337,6178.946,4091.229,5489.8867,7007.7236,1.034133,1.0976207,1.08916,3.4590914,0.7841124,0.17698258,66.68584,61.1102,3.1231909,43.456215,28.537996,0.83809024,0.71980566,-0.37002364,1.3285652,1.0289737,1.9439251,11.084388
-0.09749633,24.432148,22.170872,6.4720483,21.732567,56.434105,32.274483,3.1022568,2.537543,0.120666124,2.6478322,76.726555,26.026905,8.94166,4.890311,1.1023959,19.176746,0.35332087,0.106448285,0.28011888,0.017955976,0.00882039,0.2333356,13.303577,1.2681022,2.7248125,17.395546,11.918632,1.2469734,16.221125,28.553736,11.930888,6.3475924,-0.11694246,-0.8617462,-0.17377299,-0.4678287,0.1898131,0.07112502,-0.20546636,0.29851535,-0.051127095,0.6246055,4.8809214,-0.0011920008,914.2882,1.4284923,0.6336495,6013.507,4283.506,5303.081,6879.347,0.96814096,1.1983004,1.1903157,4.0256987,1.4001518,0.09112546,67.5555,82.165306,3.9684856,51.27618,36.419636,1.05654,1.2954695,1.345654,1.2880636,1.4207655,0.13312235,57.76664
-0.03361015,27.355211,22.167202,6.4731174,20.376785,55.798355,33.47457,4.3132787,2.3926523,0.075201444,2.5404398,70.98964,27.496153,7.7478356,3.5395055,0.9177082,17.189377,0.31670254,0.11164266,0.28950256,0.020323945,0.010265709,0.2515626,14.014485,1.286542,2.6027083,12.964741,10.424507,1.17546,14.633388,27.603022,10.696149,-2.2744539,0.40927386,1.4858282,-2.0214655,0.66644806,0.53076196,-0.18188834,0.08547938,-0.1063243,-0.23420714,0.6277677,4.034625,0.0036639331,886.73016,1.3516247,0.51743186,5834.9663,4291.3164,5184.553,6367.6665,1.0564802,1.2625713,1.1874434,3.7324286,1.1617866,0.19120996,62.280838,70.29803,5.518556,46.1729,36.30308,0.96824336,0.9559585,0.077175625,1.4199674,1.3110108,1.6213138,10.921383
2.5608282,22.822552,20.608322,5.897422,35.09839,56.105633,9.457825,5.5035353,1.3723432,0.034925804,2.266224,88.478455,28.262865,10.815805,3.757416,1.5148302,16.462818,0.40970963,0.07739327,0.2778867,0.014862544,0.008061524,0.21208635,13.232761,1.5249166,1.9468683,11.823617,9.492842,0.57222176,15.955727,-0.009000001,6.52756,-3.7741036,4.0721917,-0.95108473,0.9305149,-0.5811113,-0.022277346,0.1365613,-0.11479799,0.15605813,0.108953,0.53769094,4.469063,0.00031519402,1101.1775,1.0839618,0.5725579,7082.766,9060.46,6438.217,7472.546,0.82257295,0.73531693,0.55197394,3.4225967,0.51811874,0.0947484,67.54057,78.64782,9.778389,69.02793,15.352813,0.72976905,0.32946864,-1.6669571,1.341526,0.17488185,4.400091,2.3685813
0.56142265,22.66649,19.994602,5.974617,19.542538,46.824913,23.93357,3.1172037,2.0098507,0.068259984,2.2775126,64.708725,24.847069,4.38793,3.9487782,0.899116,16.249094,0.38046798,0.10821724,0.25496706,0.018804997,0.008379885,0.22916284,12.165741,1.3428656,2.3250399,9.821023,10.545341,0.8215765,11.583516,17.417143,9.304704,-1.4390129,1.8474236,1.456999,-1.931552,0.45533723,0.26891705,0.04799798,0.183805,-0.1653454,-0.10620837,0.60773116,4.066583,0.0023595511,814.54333,1.2503492,0.51530766,6087.109,5118.7026,5412.6855,7036.3096,0.9969998,1.0191519,1.0364807,3.4309661,0.83388263,0.12996748,63.116913,61.376854,2.3043807,40.917477,27.643152,0.8303742,0.74619114,-0.68158096,1.2249556,0.9157951,2.3468626,9.044255
1.8287559,22.999798,21.832827,5.8067026,20.57617,49.182823,19.635452,5.176469,1.7934223,0.06092136,2.2979147,72.47171,26.628471,9.67083,3.8220663,1.0184652,14.885939,0.41638157,0.08598013,0.2635216,0.016712978,0.0088442685,0.20855942,13.193255,1.4764652,2.1802287,10.282387,9.506627,0.75021756,13.200954,3.7312446,7.8675575,-4.296798,4.6018157,-1.1178659,0.6325459,-0.60707724,0.06232942,-0.047442276,-0.18334979,0.22316617,0.13140638,0.56568116,4.0673018,0.00048215882,909.29443,1.1748009,0.46794742,6162.56,7306.633,5624.5737,6732.2197,0.9365127,0.8766358,0.8895815,3.4335775,0.74765766,0.08422733,58.365974,60.11719,5.9246407,36.220787,23.095552,0.77445185,0.5879406,-1.4222326,1.2990513,0.4139133,3.3037286,9.368828
2.0673656,21.403196,19.929443,6.0736036,20.667358,50.557087,18.877623,3.828235,1.5193877,0.05887528,2.2539494,73.00003,26.622787,8.266707,3.789132,1.0308305,14.559181,0.3733567,0.08582447,0.29481545,0.019988552,0.0121217035,0.21389312,14.191579,1.4834372,2.231643,12.481285,10.092872,0.6907468,9.795555,1.5162058,7.6183667,-0.93220836,1.752633,0.25751045,0.6924132,-0.38879338,-0.06531127,-0.059672832,0.17006515,-0.33064604,-0.045931667,0.58470136,4.166076,-3.20982e-05,927.25385,1.2297655,0.46129134,5791.813,9537.695,5336.55,6328.664,0.9106357,1.0012087,1.033758,3.4457548,0.7928569,0.12485611,58.12409,68.82615,5.6686497,46.15923,22.02261,0.6435148,0.652616,-1.2911665,1.2190717,0.27473694,2.9765377,5.745809
0.41248125,24.40331,20.77735,6.0357337,21.131603,58.056103,27.531284,3.511515,2.331721,0.06611492,2.4577513,69.35108,26.061522,7.650227,3.928757,0.9557731,17.323147,0.3538406,0.10909158,0.2723533,0.018172422,0.008332791,0.23820935,12.530889,1.3343264,2.4858613,12.535794,10.780509,0.8842738,15.031625,20.435255,10.139453,4.112094,0.42276642,1.3518971,-1.2643933,-0.80249614,-0.571814,0.46713668,0.014836464,0.17949142,-0.09726958,0.63108885,4.224841,-0.00062918913,890.8586,1.2893866,0.5375397,6205.718,3985.7656,5553.0894,7314.595,1.0321437,1.0549197,1.0420424,3.4692252,0.96457064,0.14108393,69.149796,67.582146,3.4315457,46.41723,29.541357,0.8929151,0.8542675,0.22210293,1.1971157,1.0646901,1.5828377,16.925167
0.2138361,24.884335,21.771633,6.3045297,21.73946,56.659622,34.156635,3.691244,2.6241026,0.09759206,2.6418548,76.37445,27.336945,8.142456,4.578349,1.0493442,17.661718,0.36657095,0.094712,0.2819034,0.016179664,0.008289802,0.23234418,13.410063,1.2745123,2.6290586,14.569618,11.120808,1.2623425,15.820758,26.425009,11.414586,4.4535556,0.36546034,-1.5548282,-0.21028684,0.4458756,0.45226008,0.67181987,0.1871029,-0.11533597,-0.03985189,0.6843029,4.7501445,-0.002461674,918.1892,1.3940482,0.61294836,5838.5986,4177.8203,5289.7334,6479.727,1.0148897,1.1805005,1.1891806,3.9823747,1.3159263,0.121893875,67.57817,81.68302,4.4610333,49.794468,39.437664,1.1061212,1.1559882,0.59169924,1.3729514,1.3328671,0.39427727,71.00297
-0.32163334,25.874136,22.31006,6.6128283,20.698397,60.105366,36.15921,3.8769796,2.675164,0.07580327,2.6165757,76.705185,27.663685,8.94954,4.373452,0.9979684,18.34526,0.33382058,0.09764576,0.29388735,0.01812599,0.010207669,0.24631266,15.481549,1.2563546,2.7258384,16.380915,10.873858,1.308391,16.995184,29.338398,11.261288,6.1485558,-0.16953476,-1.5811163,-0.028330417,0.32987383,0.07876652,-0.44961202,-0.27061713,0.28376612,0.22651912,0.6287455,4.557298,-0.0019310951,913.7426,1.4090627,0.6314208,5880.3716,4468.5654,5193.3853,6576.5405,0.98304486,1.2271311,1.169463,3.9570177,1.47815,0.1390651,67.64076,81.82394,6.0068116,52.598907,40.67256,1.0158249,1.2330847,1.3597211,1.4202945,1.4206698,0.8281686,40.40878
-0.13562673,26.497862,21.64,6.6195917,20.107155,58.376083,36.447083,4.180301,2.5682304,0.061076112,2.7308981,75.05247,29.970633,8.465369,4.426565,0.9306688,16.620384,0.3468033,0.09338393,0.29709825,0.017203834,0.009449194,0.23606148,15.631916,1.29115,2.739723,13.50794,10.80478,1.3156413,19.730257,27.625664,10.509043,5.0640316,0.07223473,-2.01333,-0.055181738,0.791917,0.08146095,-0.025541628,-0.005569394,0.016663747,0.1929672,0.6719257,4.363719,-0.0013691165,885.56995,1.3370639,0.5941019,5861.658,4560.392,5209.2344,6361.6626,0.97752184,1.2179474,1.1564327,3.8280737,1.3804412,0.13632272,69.13629,84.96171,7.244547,44.22897,42.81673,1.0845326,1.2127781,0.8075514,1.4402143,1.3588376,0.53826267,38.830112
0.46989018,24.772333,21.02918,6.0408144,18.633263,43.799267,27.034166,3.8420537,1.9451829,0.102270804,2.3394783,64.32905,26.074718,5.8148475,3.9250455,0.865739,16.479233,0.33680132,0.12433105,0.26565692,0.02052639,0.007936004,0.24474834,11.360996,1.3504882,2.3432167,12.649849,10.415085,0.9336477,13.735929,21.399797,9.648466,-4.8994746,-1.6812438,-0.86043066,-1.5252606,-0.5383406,0.74023145,-0.5287905,0.04465513,-0.21987903,0.09984768,0.5933789,3.877997,0.0045197187,794.56244,1.2582103,0.44437173,5874.0176,3879.2698,5243.45,6425.6353,1.0453271,1.1612602,1.0593683,3.35263,0.9258761,0.1237055,57.926167,61.505665,4.256471,36.141685,28.477076,0.88835305,0.82939583,-0.80263263,1.3709004,1.0318768,2.2285686,10.2289915
-0.5765541,26.400528,21.468134,6.8661866,23.215836,58.61204,32.330303,3.9993353,2.2237415,0.13198122,2.62081,75.446495,28.022957,11.911565,3.8168855,1.3848028,20.741142,0.19235575,0.10173758,0.36895198,0.030577784,0.016691506,0.2896854,28.36988,1.2129674,2.5739791,10.329404,11.662451,0.9252405,19.084337,34.462162,12.405739,0.15136658,-0.19509946,2.3951867,-0.046008077,0.6134838,-0.00022390764,0.15618578,-0.1667696,0.21686275,0.34857485,0.6600162,4.3100395,0.00016231548,907.76794,1.458911,0.6239336,6361.846,3524.2273,5420.0522,7188.413,1.1018139,1.1033946,1.261815,3.9670384,1.0566561,0.14125127,72.019936,75.632614,6.768583,54.124886,36.770195,1.013927,0.80235785,1.2072734,1.4846973,1.6947707,2.1072602,9.460865
0.3746789,24.108614,20.650707,6.24883,21.767878,57.94458,32.92903,3.5659795,2.659537,0.12469165,2.5887482,72.09905,24.06281,9.259366,4.801228,1.1376891,18.584719,0.3783695,0.09544797,0.27046525,0.01814045,0.009668624,0.22790816,13.217233,1.2476751,2.6673014,12.274588,11.568447,1.0687712,11.555154,23.625578,11.328287,1.8750583,0.8277542,0.44893587,-0.7216237,0.29321268,0.18433453,0.8509237,0.25204402,-0.13172026,0.099646844,0.6644566,4.8848233,-0.0018307376,930.55524,1.4815879,0.5608514,5491.799,3308.6145,4949.6436,6265.4585,1.1099943,0.9262212,0.9994197,3.9336832,1.130084,0.092015885,66.088295,64.64878,1.0085425,31.271883,27.570457,0.9766701,1.0625982,0.22140673,1.2850103,1.0317838,0.472422,54.075134
0.24355231,26.159384,20.27301,6.232539,18.512117,48.33529,27.798513,3.920787,2.0414112,0.08611709,2.4149098,63.51003,25.093752,8.020866,3.7245283,0.80475664,17.6253,0.340006,0.113269135,0.26846904,0.02121482,0.008561285,0.2484797,12.581348,1.2601147,2.3648267,12.192941,10.160066,0.83970803,14.036316,23.934383,9.720366,-2.9670675,-0.2521591,0.79570097,-0.4378297,0.48962697,0.4597117,0.121389784,-0.103704534,0.16192107,0.03439676,0.6101703,3.8418272,0.0013180493,807.3262,1.2923961,0.44115725,5895.0303,4955.3257,5142.029,6333.462,0.985477,0.9844908,1.0128981,3.5483108,0.77436054,0.11919667,57.836834,56.391823,4.331227,32.05465,28.877735,0.9118797,0.653106,-0.58357227,1.3478515,1.0727898,1.4205967,11.648718
0.15473022,24.589615,20.781904,6.583406,20.470564,54.76369,35.205124,3.8987463,2.379468,0.05649523,2.4827137,74.89856,29.630615,8.4730625,4.074327,0.9475174,14.555071,0.3666338,0.08411606,0.29525587,0.017060878,0.010100262,0.22683313,16.6694,1.3285639,2.6884463,16.431625,10.397499,1.2563384,17.514112,20.21206,9.151195,-3.505996,3.482952,-0.16222791,-1.386968,0.14195478,0.33610436,-0.50978965,0.1639946,-0.32174522,-0.2625722,0.59858745,4.288723,0.0022260353,886.6913,1.2934198,0.59083277,5478.032,6139.0254,5088.041,6160.433,1.0411786,1.21377,1.1636688,3.691614,1.3158184,0.14392555,63.098843,77.593,8.126626,38.224995,39.458405,0.9322429,1.1150204,-0.29196718,1.3536364,1.0574638,1.9181045,19.766853
1.205525,28.674011,20.786312,6.481776,18.626797,39.539097,19.745605,4.62141,1.4525063,0.19060937,2.206676,59.934917,24.76366,7.5026355,3.2293434,0.8685411,16.227587,0.31876028,0.13299988,0.2679731,0.022661239,0.008907654,0.24869783,11.704885,1.5370374,2.22543,16.004671,10.229421,0.7304477,7.7464643,11.627344,8.822353,-5.3656063,-2.8498104,-1.7559005,-0.9640389,-1.1462414,0.2933137,-0.2921272,0.031080524,-0.14992912,0.47364223,0.56180626,3.5962713,0.004695124,792.3781,1.2658129,0.38394898,5945.836,3454.0388,5307.747,6589.5825,0.94507885,0.82682306,0.9836354,3.1822515,0.7772315,0.12024685,57.91247,46.788612,4.6965737,36.95713,20.580269,0.755682,0.62872124,-1.4059256,1.5673243,0.7300551,2.8656957,13.485535
0.55149174,24.305574,21.886063,6.3396535,22.06209,57.46098,30.97343,3.860011,2.5493975,0.123801,2.5316975,74.45273,26.407654,9.403799,4.484312,1.096838,17.299374,0.3859772,0.08810472,0.27780184,0.016907725,0.0091696605,0.22203884,13.63075,1.321735,2.5348756,11.493648,11.129285,0.9905453,12.74974,18.458698,10.719762,-3.3326714,4.0967298,-0.2029821,-0.45864955,0.03988949,0.19717397,-0.10103081,0.025730455,-0.045817547,-0.01702041,0.6166101,4.6162,-6.69482e-05,924.49585,1.3722998,0.5605765,5359.841,3623.0208,4993.5757,6169.4673,1.1077944,1.0407581,1.0281839,3.8152013,1.0899287,0.12570319,66.09199,72.046265,2.9057624,42.19035,34.305645,0.9307174,1.042643,-0.43955892,1.3180712,0.9363949,2.3031003,21.056883
0.012585915,26.458998,22.194128,6.389779,20.402962,55.073696,34.71109,3.6767485,2.3420997,0.13085581,2.6085489,69.71487,27.30444,7.5907407,4.251327,1.089925,18.260101,0.31777027,0.117716774,0.28760123,0.020980466,0.009924458,0.24600677,13.194907,1.2597481,2.6474679,12.597768,11.198219,1.1421516,16.810545,28.716333,11.19492,-2.5303175,0.34907997,1.508547,-1.7175889,0.8123527,0.62452656,-0.22721948,0.013763526,-0.041569483,-0.2560223,0.63751614,4.35616,0.003390544,861.02637,1.3587223,0.5154143,5999.908,4366.837,5189.1104,6380.9634,1.0634992,1.2187462,1.1187142,3.8454235,1.1217507,0.102842815,63.599396,71.30597,4.6903787,43.78185,35.20118,1.0207316,1.0347159,0.06369151,1.4118912,1.3756183,1.519915,9.278042
-0.32003528,27.201796,20.650087,6.4227724,23.513746,58.32991,29.750286,3.5751257,2.1087074,0.06515183,2.4342537,65.97449,23.783646,8.087055,3.260035,1.1055017,20.325344,0.22212619,0.10742341,0.33189136,0.025779553,0.012439551,0.3003399,21.460295,1.2342161,2.8677487,13.352981,10.7735815,0.7945327,11.735551,28.691948,10.405433,4.267518,-0.39169443,-1.4740039,0.040825244,0.9819408,-0.4493206,-0.8722487,-0.24250582,0.16612718,0.38834047,0.6431746,3.6150072,0.000115180774,918.80707,1.3185259,0.49608308,6087.2896,4767.8135,5098.5845,6783.725,1.0440243,1.0879622,1.0448011,3.6736932,0.8632882,0.11111473,64.64466,63.08339,2.7541382,48.985275,31.10246,0.90755635,0.6700413,0.90057254,1.4015439,1.3472056,1.4306911,20.941504
0.37503526,23.66942,20.731941,6.322599,21.82534,58.740036,27.787306,3.0405328,2.3401127,0.08482157,2.4452589,73.38785,25.28577,4.821224,3.6619077,1.0133058,16.9971,0.3683703,0.10910534,0.26605108,0.017687198,0.0078705605,0.23091552,12.086925,1.3270661,2.5227864,14.176235,11.126814,0.95290875,16.48662,20.909666,10.653755,5.150687,0.19922128,0.9640898,-0.8647069,-1.155423,-0.48836014,0.4309408,-0.08351894,0.27452567,-0.10272295,0.62344855,4.217195,-0.0010271718,876.8489,1.3087486,0.55866235,6131.174,3886.178,5405.8037,7087.2744,1.0087017,1.1466868,1.0805186,3.582107,0.9700026,0.14960252,64.71397,75.93655,2.8200135,44.57552,30.938154,0.9099797,0.9574022,0.4122153,1.2267675,1.1387256,0.8192883,21.17959
0.55342305,23.232487,19.966717,5.9285593,19.265867,48.226513,23.607622,3.233727,2.0026925,0.08800791,2.2558813,64.95414,23.645908,4.7212005,3.930687,0.91572297,16.319664,0.3834829,0.1095676,0.2505252,0.019208724,0.008624601,0.22859097,11.983528,1.3689488,2.3070831,10.34785,10.391291,0.8322389,10.97124,17.087633,9.755564,-4.0794263,3.9265707,-0.40523088,-0.9114937,-0.16226968,0.48517355,-0.45060274,0.024939466,-0.13760486,-0.15373993,0.5948538,4.150418,0.0034655062,821.51636,1.266319,0.49986005,5810.9805,4143.103,5226.5312,6741.202,1.0055592,0.88518184,0.9864077,3.3791502,0.8254301,0.11887617,59.33967,60.398453,2.4931164,39.92405,27.155956,0.8408081,0.7302757,-0.8639476,1.2523195,0.8970706,2.9298837,11.580685
0.6365103,25.562323,20.470148,6.493013,21.512424,57.533646,32.603497,4.4306173,2.3705208,0.09934623,2.5600886,76.81663,28.57403,8.969098,4.351243,1.0139917,16.91357,0.38250458,0.08640227,0.28455234,0.015914382,0.008575106,0.22205135,14.414992,1.4264449,2.5678687,16.127405,10.588066,1.1046503,16.923237,18.60242,10.081722,-3.6884727,4.0390697,-1.3134639,0.045255642,-0.020589374,-0.37563905,-0.27607468,0.038436368,-0.10141352,0.008612577,0.6243812,4.5630426,0.0012812124,908.4895,1.2999433,0.58248204,5593.4316,4105.259,5171.7827,6238.99,1.0665115,1.3179057,1.1878884,3.6815078,1.1941085,0.12669809,66.975006,80.49177,5.4274735,44.541573,38.093796,1.0002033,1.0731409,-0.5921446,1.3654158,0.98070717,3.421439,13.843559
-0.03274622,24.551695,23.078938,6.399342,20.47592,59.557243,33.139557,3.3489842,2.6096864,0.1198194,2.571298,70.02692,23.882547,8.117686,4.433014,1.0487865,19.066496,0.330992,0.11408461,0.2757969,0.020164212,0.010806256,0.24815604,13.163982,1.2262377,2.6597126,15.084224,11.327647,1.1935849,13.450118,29.457987,11.806479,3.9742136,0.015597033,1.2991074,-0.57852536,-0.390625,-0.5353432,-0.059368707,-0.21512094,0.32073572,0.2509871,0.64332426,4.7029853,0.00037144672,906.91595,1.5106858,0.62684983,5948.43,4090.0378,5130.023,6625.5386,1.0527582,1.3360027,1.2294644,3.9447236,1.4233814,0.11809294,65.54857,75.65055,3.5604098,53.64864,35.430336,0.99511683,1.2192059,1.0376593,1.3840071,1.3949558,1.252612,25.365314
0.6229787,23.470705,19.966917,6.4897094,17.431372,51.35226,32.401943,4.796643,2.0830681,0.038474753,2.3679879,74.815506,29.850002,8.891649,4.229374,0.7920935,16.192455,0.35308698,0.08322382,0.30648577,0.018570373,0.011458287,0.22717477,17.775843,1.3863641,2.7578502,12.835453,10.194497,1.0255903,18.016834,14.736742,7.861467,-3.6507435,4.888661,-1.1123505,0.0046591964,-0.2594856,-0.071359105,-0.19306323,0.040991217,-0.100632384,-0.009650645,0.57897633,3.957329,-0.0006647621,916.2676,1.3187088,0.46889684,5770.1533,5934.263,5299.3184,6160.8438,0.9812524,1.0179152,1.0285631,3.555369,1.2595775,0.0894257,54.21744,65.12023,5.465555,23.034744,33.482513,0.8305181,0.99775,-0.77853703,1.3279554,0.79595065,2.4370787,12.077029
-0.5765079,28.046423,20.114054,6.9218564,18.076473,55.650528,39.47164,5.3091116,2.5673804,0.036756705,2.5312328,71.62739,29.348679,8.71476,3.6118393,0.791507,16.351906,0.30934832,0.08595696,0.3293969,0.020127214,0.013081657,0.24208894,21.292608,1.2928263,2.9033537,13.834356,9.652995,1.4328573,16.623413,25.316408,9.356624,0.24705784,-0.59933746,-2.1301115,0.04669425,1.2546594,-1.4057294,-0.45030302,0.15607673,-0.22749527,-0.08961841,0.6286936,3.8468041,0.0004309435,914.39276,1.3291023,0.5175554,5480.165,4848.858,4941.5522,5780.585,0.96009415,1.0117418,0.98921514,3.6239035,1.5717024,0.07273792,67.64336,73.61519,8.017702,32.070225,38.971832,0.96512383,1.2117548,0.38429683,1.5289884,1.1994475,2.0072715,11.012998
0.28020513,27.781908,20.848236,6.765415,19.614967,59.59447,27.744919,5.2081594,2.3684783,0.032573096,2.6422796,71.620895,30.266235,11.916449,3.9880047,0.8582857,18.313377,0.34004617,0.101354904,0.28606197,0.020532914,0.009772752,0.2422313,14.431157,1.3934759,2.7411594,13.033508,10.447187,0.8659011,20.861086,22.366179,10.008043,5.736232,-0.11574252,-1.4497902,0.11085493,0.10690543,0.580339,0.40249342,0.012558707,0.027687367,0.014905499,0.59640384,4.0755234,-0.0029794134,928.0135,1.2737755,0.51274556,6612.019,5280.095,5676.023,7365.6235,1.1053785,1.1415831,1.1523838,3.9309132,0.8048766,0.1390689,72.28996,68.94699,9.7497225,39.56991,29.649532,1.024358,0.5907293,0.40943614,1.4464039,1.0092733,0.5436514,42.198368
2.2584825,21.914713,20.289516,5.9859333,24.709146,51.024704,15.612443,4.2810836,1.5340366,0.02381058,2.1814167,77.548645,27.550533,7.4689436,3.8171575,1.0708165,14.843491,0.38512367,0.082154,0.29279009,0.01730364,0.009956677,0.21267194,13.963478,1.4901192,2.0423763,11.856411,10.157895,0.66882956,12.583751,0.30053404,7.10547,-2.798483,3.4017289,-0.489722,0.723194,-0.5286651,-0.01758818,-0.071657605,0.024029152,-0.1102163,0.031395283,0.5577331,4.2633123,-4.591951e-05,978.71356,1.1592399,0.52792233,6457.1147,10403.765,5824.6494,7052.686,0.8744178,0.9138017,0.9535151,3.3187916,0.7459771,0.13134801,60.558693,71.440674,4.5691557,46.95531,17.277401,0.6852218,0.5366385,-1.4168375,1.2666956,0.22645038,3.2531877,5.2186904
-0.17118521,25.18017,22.895315,6.599227,21.892881,57.31786,33.4611,3.1745574,2.6383586,0.11644577,2.6195443,69.983574,26.250994,8.72462,4.609128,1.0910047,17.713842,0.33899638,0.11356591,0.279268,0.01959127,0.00986163,0.23871677,13.355879,1.2495291,2.6927779,12.888865,11.862461,1.2245649,16.758074,30.08958,12.10973,3.253558,-0.028320068,1.697383,-0.31971607,-0.28208143,-0.46189016,0.055668347,-0.1808984,0.2642375,0.46347445,0.6570033,4.355108,0.0008044871,881.98334,1.390777,0.6157602,6065.526,4603.3105,5137.707,6502.3477,0.9624087,1.2327282,1.1372907,3.9671164,1.3157095,0.084501676,68.559235,81.114716,4.2435565,47.324696,38.223076,1.055902,1.3090535,1.0668267,1.3891742,1.5012708,0.4641331,34.241947
1.2172679,28.293943,20.384018,6.579524,18.775719,38.327175,20.892004,4.2623653,1.4201492,0.19933522,2.1976347,60.03361,25.732275,6.116163,3.3223634,0.9324102,16.831285,0.31961772,0.13183218,0.26639506,0.023118246,0.008275971,0.25076082,11.142139,1.5470337,2.2669282,17.963217,10.653566,0.72411543,9.923917,11.382868,8.992902,-5.3521667,-2.8650565,-1.8398482,-0.89084303,-1.1739297,0.19755116,-0.2409117,0.035264835,-0.13887967,0.5014391,0.5637788,3.3684537,0.0034025388,774.5862,1.1986591,0.34224948,6277.6553,3741.5078,5435.6763,6761.9316,0.9341065,0.8299786,0.8401173,3.202539,0.67841065,0.09907837,58.08938,45.484615,4.848174,35.58223,20.246813,0.7455389,0.5799792,-1.5091326,1.5472546,0.76524633,2.640866,10.645947
-1.6220671,25.132675,18.358974,6.778179,14.516057,48.33638,50.03216,6.0307508,2.4009094,-0.042317268,2.4298,67.51174,30.61826,9.813707,3.588059,0.6482054,15.866934,0.24135548,0.07425047,0.3318487,0.023441914,0.017206484,0.21916814,26.416422,1.1476823,3.1923347,14.241467,9.031153,1.5467582,17.355639,30.217844,7.7962008,3.6697028,0.041839104,-1.9724538,-0.17108068,0.982698,-0.2652166,-0.16520776,0.07103448,-0.09001062,0.09271361,0.6029763,3.9459548,-0.0020602262,793.8525,1.4142776,0.47614464,4943.926,4649.795,4188.3877,4892.436,0.97421765,0.9852277,0.90112334,3.462252,2.0203216,0.05492815,23.637257,68.1693,10.500001,20.286484,52.762695,0.8119127,1.482889,0.82888764,1.3498926,1.2863607,1.6725466,14.191755
0.81067973,29.583858,19.583002,6.5591745,18.17296,34.079533,20.713434,4.7022533,1.3064171,0.22796348,2.1168442,55.65982,22.76316,7.4758534,3.1517553,0.7412184,17.44178,0.30499017,0.120541394,0.27750656,0.024067566,0.009075501,0.2638188,13.447295,1.4965891,2.336695,18.877972,9.6175375,0.5802778,8.010609,13.199972,8.342913,-5.188482,-2.7906346,-1.6866717,-0.41582566,-1.0778171,-0.02374224,0.033842284,-0.020887742,0.027617252,0.4520523,0.57055795,3.1730042,0.0019262121,734.99774,1.1998439,0.3012723,6096.4443,6893.024,5202.66,6562.7676,0.8533487,0.8579777,0.9057265,3.237325,0.49492493,0.09750779,50.445282,37.718628,4.800092,28.45399,20.590534,0.6971842,0.40094042,-1.4193264,1.6114228,0.7665493,3.0983083,6.464058
-0.8635995,27.522577,18.932281,6.544322,22.740883,57.094913,34.171597,4.7938614,2.1547303,0.049414057,2.6579459,72.28085,29.366863,9.609343,4.163933,1.1138129,20.996296,0.22031093,0.095839694,0.3660022,0.026821472,0.015552079,0.27354684,26.379217,1.2389464,2.9013133,11.198767,10.963707,1.0402663,17.474287,31.83856,10.0817795,4.587071,-0.17009605,-0.50935423,-0.06168647,0.38677788,-0.27089956,-0.3858071,-0.24316338,0.2677253,0.37399322,0.63280267,4.100493,-0.0013298745,925.6267,1.3726393,0.5238479,6155.4688,4670.31,5123.854,6660.2417,0.9462605,0.9466938,0.96913695,3.8217137,1.1317273,0.10578574,72.78616,67.26504,7.650684,45.66082,35.192715,0.98591536,0.9867602,1.0871439,1.4243541,1.4496804,1.8177726,14.74705
-0.24190736,30.812626,20.261442,6.8255997,22.026136,49.95315,29.04961,4.684838,1.8658253,0.1263846,2.439346,62.67264,26.93362,9.453253,3.3415434,0.9827024,20.240217,0.24923357,0.11485648,0.31331098,0.024949132,0.01037188,0.28727794,16.83443,1.3409119,2.7660177,16.343685,10.790963,0.76389295,13.664977,27.574669,9.5655365,-3.8722825,-1.513593,0.065800644,-0.63532424,0.027322795,0.37673762,-0.097216874,-0.10824488,0.10881957,0.04682476,0.58859754,3.450918,0.003556425,837.3961,1.2958972,0.4051359,6110.9414,4393.371,5201.0625,6550.846,1.0164369,1.01728,0.992694,3.5533857,0.77649266,0.15957758,61.452297,52.43202,5.8249035,38.89156,28.12903,0.88729286,0.6350122,-0.49007016,1.5981283,1.2691542,1.6251676,17.036282
0.3773677,23.191881,19.02621,6.188655,14.836021,44.335476,31.731638,5.7736444,1.9732611,-0.066596285,2.3121605,66.97096,30.227758,7.9153266,3.4142537,0.5235455,15.560236,0.33957207,0.08886956,0.30513635,0.020044928,0.011988121,0.23438898,18.089184,1.3854524,2.6522808,9.106493,8.97834,0.74789715,16.980785,13.577385,7.3177543,1.1700639,1.5825933,-1.1336465,0.17511806,0.07973079,0.3254367,0.8255109,0.19207732,-0.10259095,0.05937354,0.5765666,3.0572627,-0.003174423,876.9718,1.1869991,0.28252417,5885.3438,5507.1694,5107.228,6106.359,1.0179845,0.93791175,0.9509929,3.3073895,0.79203594,0.003974843,58.23658,52.50857,7.0307255,15.3747635,32.399376,0.7814587,0.551449,-0.32254982,1.3609321,0.6810602,2.1838982,21.349514
-0.58163476,25.195604,20.089987,6.1679482,22.720982,55.832916,29.000034,3.2075105,2.0439441,0.03071743,2.4147344,65.82097,25.610653,8.222097,3.0945482,1.0828302,19.980013,0.19171864,0.10190893,0.3546203,0.02648588,0.012844082,0.3124222,25.835028,1.2164772,2.7117896,10.751684,10.958871,0.6759877,14.402201,30.40603,10.221785,5.476211,-0.036320686,-0.86233664,-0.13402821,-0.06297536,0.35234043,0.334495,-0.04014732,0.110187896,0.024733981,0.6317264,3.5310693,-0.0014527733,861.1495,1.3220763,0.5100903,6091.776,3916.1743,5092.8657,6869.1943,1.0438371,1.1234217,1.1624469,3.6488767,0.8367876,0.15858498,66.125084,61.945503,2.776744,41.984978,31.738504,0.85206085,0.6363948,1.3749906,1.334031,1.4369335,1.4422158,16.121954
0.40392587,29.565655,21.124702,6.9853983,20.24953,50.34861,34.598423,5.025831,2.2290826,0.19685237,2.6026719,69.25678,27.566715,9.809898,4.281357,1.0828974,19.395084,0.29180732,0.11006049,0.30744448,0.022735354,0.012357555,0.2555948,15.330527,1.2856292,2.7175314,15.743541,10.965167,1.1387324,12.841541,26.387384,10.569559,-4.4777293,-2.002563,-0.56916666,-0.7445627,-0.045325883,0.1696981,-0.25031728,-0.065016896,0.030394407,-0.3644411,0.5855994,4.3606243,0.0029744518,907.34467,1.4215168,0.5051981,5714.9087,4417.6,5059.797,5981.7944,1.0354878,1.0825809,1.0229595,3.9767125,1.0960543,0.107989885,61.43897,67.12771,6.885268,44.74433,33.61588,1.0182116,1.0310379,-0.5967835,1.5602795,1.2436867,1.8139402,8.440474
1.7468072,22.40132,20.751299,5.817705,21.147848,49.531548,17.659414,4.4606094,1.73724,0.10849081,2.294719,69.09623,25.291939,10.004442,4.000844,1.2082253,14.694704,0.4332351,0.082255155,0.2604162,0.01655129,0.009253136,0.19828908,12.814272,1.4985039,2.1221838,10.179063,10.665436,0.7109469,8.415582,1.4265267,8.50958,-4.4176474,5.071637,-1.2715533,0.5190632,-0.7023706,0.054337278,-0.2135622,-0.12995835,0.09987788,0.10366744,0.5612382,4.3221307,0.00048731404,898.659,1.2079084,0.49531743,5495.6655,4041.6436,5210.2637,6324.145,0.9488339,0.6770499,0.81425273,3.5094285,0.78623354,0.123030774,62.08757,60.785187,1.3426114,26.125587,17.319187,0.7052128,0.7637932,-1.4639769,1.2571048,0.3268612,3.4598787,3.096051
-0.38538247,27.797348,20.371155,6.5701637,22.89363,57.818794,32.793556,3.8675685,2.2295752,0.11427395,2.5833602,69.33059,26.595417,7.874392,3.9289017,1.1950896,20.18563,0.24968314,0.10552969,0.33289912,0.025939804,0.014007652,0.27194062,20.767124,1.2478831,2.8516617,12.845842,11.358017,0.9587129,15.651568,29.055887,10.814503,1.3095239,-0.2644467,0.29211473,0.120951876,1.2781618,-0.41843385,-0.40462446,-0.1925137,0.17782639,0.3697676,0.6539344,4.0936337,0.0014795423,913.4708,1.3562934,0.5525315,6207.5864,4652.307,5246.878,6746.672,0.9928344,0.95939124,0.9311908,3.8266473,1.0712531,0.09324487,69.424576,68.679825,5.3258696,49.355385,34.592213,1.005212,0.9195366,0.5837669,1.429091,1.3836198,1.1577909,18.993473
0.22396386,24.885502,21.740692,5.9894466,21.563532,60.51022,27.05085,3.213311,2.369078,0.068368405,2.4682477,69.7664,25.777723,7.8908787,3.7596793,0.961356,16.477922,0.35086736,0.11208857,0.271713,0.017633125,0.0076982807,0.23999967,11.975498,1.3386116,2.4763544,12.250991,10.919341,0.94937086,15.53727,22.147213,10.554813,4.566064,0.18873848,1.5004506,-0.83205444,-1.0848528,-0.65217465,0.2922,-0.09922162,0.2571625,0.08087657,0.62883395,4.3850574,-0.00040548263,868.89166,1.2893224,0.5375074,6293.502,3872.2493,5534.7773,7246.0957,0.9785393,1.0544163,0.9687304,3.6335156,0.985262,0.16595677,69.71743,68.82418,3.2469904,44.13237,31.131763,0.91857636,0.8785727,0.4575365,1.2697381,1.153146,1.2559566,21.67472
0.8191946,29.922045,20.180151,6.508704,18.73792,37.35782,22.242277,4.848726,1.4708289,0.14533722,2.1777823,55.909912,26.8893,7.460253,2.8252635,0.7780811,15.6762295,0.30440786,0.12064,0.279648,0.02330047,0.008874729,0.26312894,12.871033,1.5019196,2.1986365,15.2178545,10.19699,0.60908747,10.410757,13.310414,8.194607,-4.864217,-2.2415092,-1.2289302,-0.07355407,-0.67995334,-0.09617563,0.11839932,-0.08898272,0.15421107,0.09947885,0.5686299,2.885023,0.0018377595,750.812,1.1581295,0.30023488,6208.33,3756.2117,5378.3804,6660.3647,0.9207896,0.8990853,0.9332013,3.1916435,0.54918224,0.17781685,59.462616,41.123573,4.9446454,31.542812,20.805655,0.71377873,0.47549635,-1.3110607,1.5893358,0.7683522,2.6201344,9.290703
-0.9358516,25.141205,18.73428,5.7996087,20.930124,55.202267,33.146763,3.5564349,2.118543,0.02166528,2.6302583,69.51896,23.849829,7.3304977,4.104326,1.0544108,22.355085,0.17536515,0.09621645,0.37361145,0.030653283,0.0175298,0.30662388,32.38568,1.1571233,2.8478324,10.309415,10.714656,0.80446714,14.690226,32.755463,10.318533,6.351787,-0.21274088,-2.616368,0.031615447,0.894828,0.47884712,-0.24138768,-0.1167444,0.10552159,0.17932485,0.613108,4.092408,-0.002929489,899.46796,1.4160956,0.54134834,5926.9473,4204.2573,5016.2095,6512.2524,0.9913954,1.1180607,1.0745016,3.672251,0.9817945,0.035941802,61.14948,67.83457,4.154992,45.02922,35.29926,0.9602481,0.80000335,1.412355,1.358033,1.4633993,1.9645348,17.061878
-0.56948787,27.658382,18.839985,6.5599184,23.42534,57.83799,32.58597,4.8142424,2.2092364,0.052385565,2.5742958,70.323814,28.408798,11.207226,3.2160668,1.1423106,17.541492,0.22053446,0.09697574,0.36669868,0.028258849,0.017301787,0.27023047,25.542105,1.2852451,2.6783442,11.923885,10.511106,0.9098913,15.126982,28.403109,10.521363,4.386966,-0.12926161,-1.2998451,-0.23563828,1.0093616,-0.34535992,-0.5265829,-0.14325224,0.12880707,0.2700578,0.6326896,3.5540872,-0.0023495688,973.946,1.3487695,0.5331799,6125.492,4238.223,5183.928,6825.5347,0.90286493,0.8305808,0.97409576,3.8498495,1.0326213,0.17914662,73.23938,68.792984,6.666343,51.565727,32.246185,0.9376037,0.7314594,0.98059106,1.4030365,1.3366193,2.0337486,13.01123
2.286191,22.490276,21.369135,5.897657,23.672604,49.69732,15.149791,4.586688,1.4860969,0.021343758,2.2095847,77.688644,28.010351,7.509684,3.7098627,1.0274198,15.310852,0.37544164,0.08295715,0.29680386,0.018519232,0.010865017,0.2154131,13.709003,1.4931717,2.0405574,10.184927,9.018081,0.62474954,13.443321,0.317084,6.84139,-2.804113,3.4161825,-0.53025156,0.7026031,-0.5435909,-0.043087594,-0.044025917,0.01786661,-0.089224435,0.038213152,0.56464314,3.8995297,1.7433907e-05,983.928,1.1917602,0.44665584,6425.882,9646.083,5829.6807,7072.207,0.8085322,1.0485975,0.9441594,3.298518,0.6264468,0.07379182,57.3666,75.75301,6.539295,51.247482,18.424301,0.6466009,0.44161332,-1.4095625,1.2334268,0.22024706,3.1241946,2.482039
-0.31862503,27.349382,20.72299,6.4697337,23.68446,55.20769,29.175753,4.035013,2.051891,0.042604584,2.520374,67.58935,28.805313,9.677358,3.0499392,1.1257453,17.671394,0.21387014,0.10759645,0.3486145,0.025952844,0.012625625,0.29134044,20.759472,1.3060256,2.6842742,9.507366,11.034524,0.7569641,16.336208,28.223293,10.240578,2.2607572,0.5918809,1.0152102,-1.1265863,0.1341906,-0.55943125,0.2851375,0.081921294,0.041803792,0.07826922,0.65533566,3.3653102,-0.00050234544,895.2585,1.2499745,0.46569854,6418.7876,4321.4873,5433.27,7250.4365,1.0589881,1.0576707,1.1001841,3.707982,0.7576469,0.17673326,72.626724,65.422356,4.6106033,50.77599,30.2362,0.9367934,0.5872154,0.75323236,1.4064344,1.3473905,1.6437631,16.752525
0.73176646,25.244322,21.34142,6.3410525,21.133827,56.19943,31.673368,4.8662133,2.2723727,0.055701848,2.450855,70.86277,28.117704,8.929737,3.7033522,0.86821467,14.58337,0.37664983,0.08449246,0.28505605,0.016618889,0.009470236,0.22771253,14.769439,1.463114,2.5025046,15.217975,10.066212,1.0440264,14.317896,15.470187,9.578635,-4.132606,4.2564898,-1.2242528,-0.21025038,-0.21073627,-0.10940115,-0.4619311,0.02000043,-0.13446707,-0.071744144,0.61794084,4.009337,0.003590901,906.2453,1.246348,0.5429947,5574.5356,4388.568,5192.929,6327.545,1.0401483,1.116461,1.1564045,3.5663245,1.0629203,0.1611,66.08322,74.13327,7.6058574,45.127583,36.55856,0.8979111,0.8556899,-0.8563207,1.3865876,0.8919667,3.4429784,8.485918
0.03453028,23.508268,21.797321,6.0813704,21.204473,58.93558,30.459318,3.0306828,2.4610996,0.09099981,2.5345838,71.17896,24.368664,8.058237,4.0434203,1.0036818,18.068531,0.3468375,0.11476348,0.27237675,0.01866459,0.008806109,0.23855162,12.448424,1.2772646,2.5664222,14.831593,11.207075,1.1124669,15.446748,26.227236,11.3803425,4.92459,0.09820426,1.3913485,-0.72111344,-1.1767948,-0.65340185,0.18326187,-0.15881044,0.30810386,0.0828063,0.61757404,4.368526,-0.0001574572,889.6871,1.3666464,0.5816373,6206.543,4025.944,5507.3374,7097.6206,0.9725118,1.13367,0.98842657,3.6589909,1.1613948,0.13797742,67.1074,72.16505,3.3693092,46.409615,33.972343,0.9948256,1.0355935,0.85584813,1.3099757,1.3211466,1.1876092,29.80931
0.09809023,30.666964,20.537992,7.191573,18.243748,53.79722,32.21456,6.577339,2.1420183,0.095572844,2.5810013,68.43329,30.766346,10.445354,3.581423,0.8219511,19.373089,0.32268852,0.090579845,0.3153911,0.018301008,0.010552301,0.24248725,17.410988,1.4608867,2.6801548,14.748476,10.13236,1.134203,16.890257,18.663597,9.215095,-3.5177348,-1.4688485,-0.8799155,0.5261119,0.31816992,-0.9098986,0.26660863,0.026065918,0.07521785,-0.5231204,0.6032388,3.955015,0.0019103149,890.54974,1.2920324,0.4678203,6141.332,5187.167,5304.451,6317.7856,0.90505755,0.9710018,0.96082896,3.551672,1.2929299,0.13593876,74.62347,64.74448,11.645826,39.353813,36.08357,0.9659528,0.88888305,-0.38023064,1.7576721,1.0273342,3.2890291,8.413109
-0.5404398,27.387686,19.428219,6.5564446,23.88948,57.58002,31.832193,4.045986,2.2892468,0.09116405,2.5766556,72.87051,25.962385,10.411931,2.9399827,1.2257327,18.22149,0.19816703,0.09690571,0.3768784,0.03216518,0.020027192,0.2758565,34.11089,1.2195159,2.6317465,9.914864,10.718998,0.8717851,16.616116,33.507732,11.548706,5.649151,0.046615485,0.22427008,-0.7062843,-0.7132029,-0.5017339,-0.18903087,-0.24355718,0.36291608,-0.116564274,0.6224255,3.8315887,-0.0021419455,954.1102,1.4535112,0.5924058,6039.5137,3569.3225,5120.448,6903.338,0.91911405,0.9815299,1.0751085,3.9458048,1.1555152,0.20790331,77.92106,76.79522,5.850213,61.94719,32.746975,0.8739789,0.69738424,1.4500448,1.403134,1.4761016,1.0833925,15.500618
-0.8582211,24.461271,20.121311,6.827575,16.952925,53.51078,42.96048,5.0543046,2.3777292,-0.0147695355,2.4253318,71.57161,31.14092,9.049075,3.6097734,0.7429317,14.634824,0.30517253,0.083142065,0.331865,0.021082412,0.0140910745,0.2438129,21.769705,1.234404,2.9227653,14.278393,9.54137,1.3975818,17.400259,25.426823,8.320285,-0.3169458,1.662472,0.2865403,-1.2717986,0.62508696,-0.44390976,0.12986721,0.28571343,-0.27235192,-0.101077415,0.6031095,3.8330486,-0.0015885464,873.8949,1.3407544,0.5127593,5430.1553,5005.8013,4750.199,5735.3184,1.0369596,1.0389279,0.97914845,3.583854,1.619236,0.12111819,51.21669,71.121544,7.9482517,27.120142,47.346832,0.885985,1.1994151,0.53542686,1.4184679,1.2011055,1.6727668,16.690138
2.403041,21.345224,21.435795,5.411824,25.343143,49.01768,10.617694,4.6191077,1.2661393,-0.0016098871,2.2610714,76.148315,25.943048,7.8406234,3.471753,1.1511999,15.2492485,0.40122637,0.07910187,0.28162393,0.01644821,0.009475718,0.21212392,13.629307,1.5062692,1.994917,9.739056,8.226281,0.63250846,12.005318,0.0022829312,6.8734827,-3.5614872,3.9571376,-0.8554789,0.8709977,-0.59878284,-0.0034093307,0.028843902,-0.08179841,0.07433997,0.10604572,0.5449734,3.907777,0.00029850772,1005.07666,1.1459079,0.38202944,6751.484,15367.424,5974.215,6829.6685,0.83029884,0.8653451,0.82907206,3.4975917,0.48926863,0.05551236,58.061977,61.818096,6.11089,43.44893,16.320024,0.631078,0.30099595,-1.6340555,1.2203182,0.19548014,3.6035142,2.7637656
-0.649581,26.1064,20.561943,6.651099,22.842903,59.480194,33.80213,4.420582,2.303152,0.060595516,2.5489538,72.1811,27.23182,11.19851,3.0225987,1.1701944,18.33837,0.20276757,0.09658573,0.37372583,0.02856007,0.01667271,0.2816881,30.513767,1.2252322,2.5893369,9.962156,10.520137,0.8617921,17.12518,33.219982,11.541527,3.0033953,0.04252139,1.8438729,-0.4647351,-0.37935808,-0.40542188,0.21191318,-0.08629397,0.16780432,0.27722615,0.6435008,3.6629431,-0.0010179575,945.9799,1.4080069,0.5156596,6048.3647,3322.1907,5155.851,6866.166,1.0270706,0.99957144,1.0953737,3.9223342,1.044577,0.16955079,72.10075,73.055595,6.005098,52.98558,34.791016,0.9010074,0.7046457,1.1913239,1.4838454,1.5341207,1.329981,17.161518
-1.2214895,31.27267,19.760992,7.4773912,20.16715,50.815556,36.283478,6.1874037,2.1296031,0.03727811,2.6768386,70.624146,33.417816,11.994277,3.8246856,1.0012412,24.287888,0.22023861,0.095640466,0.34986934,0.025404422,0.013903685,0.27262524,23.989119,1.2177404,2.9974642,12.791537,10.487997,1.4321575,20.759567,35.82702,9.612731,1.8388569,-0.28315172,0.4618924,0.20267335,0.39468446,0.083698876,0.2552597,-0.065272465,0.10929261,0.14556146,0.61378455,3.9330916,-0.0015913075,851.5344,1.4257451,0.48047033,6240.2476,4866.668,5036.4644,6240.894,0.9500936,0.97508764,0.9631821,3.891445,1.3769339,0.22448537,67.852455,63.000496,13.260545,39.311016,37.382782,1.0125949,1.2385483,0.8275562,1.6741863,1.5578123,1.5865555,13.339447
-0.0416298,25.29096,21.85083,6.5558915,20.47597,60.43757,38.113316,4.573699,2.6074636,0.048384354,2.616762,73.29715,29.547964,8.809444,3.9493165,0.8732348,14.850265,0.35140303,0.087987915,0.29649797,0.017288772,0.010295502,0.23652686,16.481968,1.336342,2.7218423,12.989456,10.217806,1.3094093,16.85274,25.14898,10.493681,-1.1827133,0.8875368,-0.15058799,-0.3248572,1.2539473,-0.6844157,-0.19695698,0.08838083,-0.11351062,-0.0043155923,0.6801512,4.2413225,0.0014221777,924.4175,1.2990122,0.5805556,5765.2437,4582.9688,5208.3354,6227.03,1.0038508,1.1767573,1.0820031,3.8108847,1.3908714,0.1340435,66.74497,81.16666,8.308648,43.87391,42.943157,1.0102808,1.1874132,0.08871117,1.4473925,1.2662051,2.027518,17.49417
-0.02331719,26.603397,21.616564,6.679791,19.81782,54.84878,35.306553,4.741524,2.501911,0.07683416,2.62633,73.035934,28.940962,8.781895,4.002108,0.9393602,17.080454,0.33656827,0.09760663,0.29277995,0.018402662,0.009908786,0.24473372,15.131418,1.3036901,2.688924,12.816791,10.462118,1.2165617,17.145151,26.423206,10.751195,-0.5948095,0.27254587,-0.7341164,0.16926078,0.9979695,-0.769488,-0.058224548,0.050450962,-0.040696222,-0.050664157,0.6503862,4.1418333,0.000985764,904.8668,1.3554759,0.55924004,5924.9014,4654.8286,5208.74,6265.5376,0.99229044,1.1669816,1.1422459,3.7745273,1.2366922,0.15109086,67.129906,74.83228,7.194464,42.672394,38.27732,1.0457649,1.0494198,0.16043814,1.4943199,1.2891405,1.2619292,22.061853
0.5670704,23.777681,21.416992,6.047792,21.979282,55.74967,27.065401,3.4199724,2.3579452,0.07498324,2.454489,73.09964,26.578342,7.7255716,3.9395256,0.97047925,16.432945,0.38672984,0.1013414,0.26311192,0.016850017,0.007658376,0.22430842,12.159997,1.3407226,2.5003092,11.376803,11.122347,0.8398713,13.527348,18.408922,9.790306,2.0961015,1.1815515,1.3714993,-1.6089855,-0.31199077,-0.36715555,0.5656949,0.18356128,-0.01821117,-0.0371058,0.64963067,4.1890373,0.00012382017,883.2022,1.2932646,0.52812004,5997.4116,4018.2434,5459.2095,6981.709,1.0571432,1.1382506,1.0137092,3.7086666,0.8991306,0.16016021,69.89784,67.35652,2.8320553,45.71473,28.89405,0.841658,0.8910602,-0.23326036,1.1966785,1.0027498,1.6037159,16.372915
0.34957272,26.034836,20.66032,6.3060293,19.558039,54.146976,25.901825,3.6048675,2.2312028,0.08636306,2.5818408,71.542885,26.010138,9.190027,4.3668733,0.9250979,18.82126,0.36540544,0.10463877,0.26403296,0.019790452,0.008621535,0.23578969,12.888838,1.2917039,2.533134,14.075365,10.647539,0.9724314,17.017897,22.938917,10.633919,3.095944,0.5103604,0.106318235,-0.4703312,0.020935655,0.118020035,0.6327911,0.10714152,0.004893362,0.10539829,0.60956365,4.527017,-0.0006738424,874.7645,1.3263679,0.58556265,6586.4907,6528.828,5742.8823,7320.6094,1.0468502,1.0350243,1.0636985,3.819252,0.97554487,0.09213077,64.01467,67.142136,4.8271255,39.705647,30.062954,1.0344023,0.71374524,-0.044468764,1.356774,1.0879943,0.8935223,21.713026
-0.5289685,25.868776,21.209757,6.4121027,22.105284,56.112534,32.29654,4.1075373,2.2097208,0.07405016,2.52152,71.29696,27.165388,9.900933,3.1306531,1.1656411,18.863773,0.1857424,0.097594686,0.37370595,0.029003667,0.015962292,0.29799098,31.740805,1.2017637,2.494563,9.141909,10.776192,0.8498785,16.670994,33.136314,11.534971,2.6232238,-0.29537746,0.83451957,0.4063011,0.51875657,-0.037371658,-0.26187515,-0.20388807,0.15308386,0.51520425,0.6619014,3.6894672,-0.0010872942,878.14496,1.4134922,0.5443647,6322.953,3573.0735,5331.6445,7036.034,1.079354,0.97707146,1.1572895,3.8308902,1.036925,0.15885594,71.520905,72.93191,5.885405,48.085808,35.606613,0.90797466,0.6851674,1.2412593,1.420199,1.5898447,2.0449505,8.883034
-0.898265,25.099735,19.113775,6.899881,19.281542,61.59069,41.830894,3.6986845,2.723096,0.04079202,2.6197698,74.63048,28.776817,7.359469,3.6390524,0.9187118,14.704959,0.30982855,0.0836964,0.32946673,0.02135661,0.014701135,0.24095058,22.311428,1.233753,2.9874532,14.408213,10.12537,1.4946866,18.0904,27.92957,9.999328,5.358192,0.09628721,0.32245767,-0.6713643,-0.77166486,-0.25849512,0.23105772,-0.13343698,0.2848025,-0.118431225,0.61683667,3.937898,-0.0016580852,898.02094,1.3435875,0.5593245,5547.9956,4519.0244,4853.176,6198.54,1.0860978,1.2066741,1.1462036,3.7321124,1.6188111,0.11490998,70.45886,81.99351,6.1558194,39.865005,46.824863,0.944817,1.3399525,1.486316,1.3826053,1.3427912,0.9720224,38.83449
-0.44340292,25.018478,20.397062,6.833251,20.391047,64.69444,41.69509,3.9595091,2.8373578,0.07258961,2.7135851,78.2392,27.612036,8.128604,4.151388,0.9928198,16.117277,0.33035734,0.086507075,0.3087275,0.019508073,0.0130007565,0.24189928,18.262226,1.2266645,2.9366794,16.12896,10.363394,1.5187136,15.399384,27.661955,10.957509,3.7586076,0.3135176,0.73658615,-1.0048039,-0.102581955,-0.32368502,0.12278711,-0.079934806,0.21652846,0.06209256,0.6589665,4.339086,-0.00077093474,945.46783,1.3715585,0.65766275,5528.2476,4418.3135,4931.985,6095.0703,1.043208,1.1771386,1.0864632,3.8596098,1.6903592,0.12221442,73.13559,86.15133,6.958452,47.819866,45.181133,1.01792,1.3658521,1.3008486,1.4117217,1.3329611,1.1640855,49.743877
-0.36120674,24.926138,21.301786,6.3506737,23.138899,57.693436,29.084782,3.1995063,2.0241685,0.08193357,2.434182,66.14741,25.19815,8.359539,3.415655,1.2100555,20.42553,0.2008759,0.10885668,0.3472003,0.026630944,0.012578431,0.30385777,23.366829,1.244157,2.766744,9.784122,11.456142,0.7232032,12.991334,29.283163,11.060205,5.439159,-0.028709324,-0.034544088,-0.35526356,-0.47977647,-0.098369166,0.061191827,-0.17780924,0.27349973,0.045897305,0.6283335,3.8557086,-0.0015027553,897.3391,1.3410467,0.5563395,6150.842,3734.446,5139.4395,7049.382,1.1323833,1.1131628,1.2010055,3.6607769,0.83292466,0.13456576,67.00172,65.6124,3.3980916,48.534405,32.024323,0.9148863,0.65799195,1.434035,1.3621756,1.4375049,1.3699952,20.04603
-1.2514234,25.328419,18.11732,6.6418514,19.756514,56.378216,36.660423,4.6339183,2.2371101,-0.007040806,2.5527914,72.08345,27.293875,8.554239,4.02245,0.98307794,20.395033,0.1957779,0.08766999,0.39025933,0.030132823,0.019282732,0.2668499,37.58032,1.1798325,2.663576,7.6243744,10.162729,0.9005334,20.880257,33.576916,10.442189,5.941818,-0.0748806,-1.581984,-0.20534623,0.18101202,0.303732,0.1578256,-0.042494614,0.102214396,-0.034151327,0.61379117,4.083982,-0.002011123,917.1841,1.4498178,0.4380936,5934.9785,3041.1313,5055.3325,6453.546,0.92289704,0.9749599,0.89747864,3.8436418,1.1000315,0.037621263,65.588066,65.37349,7.259191,39.45629,37.845985,0.90186024,0.8574624,1.0219388,1.5035126,1.49127,1.9954247,13.252342
0.19222789,30.297747,20.284258,6.6163874,22.61157,50.715443,28.476084,3.8962379,1.8639085,0.16342716,2.4252787,64.48696,25.179129,7.492096,3.5684674,1.113969,20.330387,0.2530929,0.112295,0.3187847,0.02481187,0.012140872,0.2788746,16.921566,1.3668623,2.9384356,18.098154,11.134007,0.7513592,10.03483,24.274477,10.24349,-3.3605962,-1.617597,-0.4766992,0.2588081,0.4416483,-0.5669318,-0.04011596,-0.12670024,0.18778074,-0.33575118,0.597726,3.731655,0.0042562056,874.6195,1.3347315,0.46073383,6085.645,4548.1147,5199.6436,6653.5854,1.0150051,0.96229273,0.94353354,3.6522691,0.8302316,0.096586175,66.307236,56.587208,3.8887804,49.484272,28.2587,0.88014513,0.67723125,-0.36123073,1.5159897,1.1779759,1.5222695,12.669667
-0.57343906,26.676933,20.309875,6.8202066,23.99291,57.642513,31.43659,4.0570903,2.2822618,0.13650656,2.6459823,74.33702,27.727573,10.4396305,3.9576778,1.4077711,19.256115,0.19402722,0.1009527,0.37853038,0.034263004,0.020767936,0.27145875,30.684258,1.2173421,2.5726008,10.093949,11.831398,0.9481807,18.997118,33.33178,11.710661,3.3466055,0.13017857,2.0648665,-0.862661,-0.62867296,-0.6745508,0.20007934,-0.13389699,0.28854385,0.20534815,0.6355796,4.431581,-0.00019667803,921.98096,1.4587297,0.5797739,6362.6846,3690.7148,5323.4595,7261.4937,0.94183785,0.9577795,1.0746559,4.115293,1.1353076,0.10689632,79.18539,78.36422,6.9394917,59.079945,34.92851,0.95939535,0.86385936,1.2167999,1.4708221,1.5788102,0.9377433,10.575656
-0.6678261,24.784227,20.040548,5.997608,21.442738,56.268036,31.85971,3.5762675,2.1439128,0.03060897,2.3748944,65.36654,23.158678,5.6591682,3.0493815,1.0682107,20.620708,0.17686845,0.0954861,0.37420183,0.030035742,0.017095659,0.30631223,33.473392,1.1716591,2.6156309,9.912698,10.69716,0.75558275,12.7791195,30.936327,10.562162,6.3683815,-0.23718056,-2.242524,0.024428079,0.7468408,0.23689412,-0.57182264,-0.2525847,0.2311289,0.2495991,0.6291596,3.7703886,-0.0022487873,875.98956,1.4016818,0.50767785,5598.708,3743.2559,4769.0312,6252.04,1.0224837,1.1542218,1.1180036,3.7314923,0.9546587,0.10041063,57.526592,63.10649,3.6987233,41.15714,34.88366,0.8295621,0.70262825,1.2681421,1.3578619,1.4269216,1.7907535,12.461213
-0.13664147,25.42135,21.523415,6.4601264,23.169548,53.68656,27.359447,3.7531683,1.9499867,0.045937397,2.5758564,71.49285,28.427643,7.4260063,3.2651887,1.1339991,17.799595,0.21440661,0.10970019,0.34607792,0.02488137,0.011439849,0.29349408,20.31786,1.3077165,2.6732056,11.008985,11.530228,0.7414543,14.965319,27.758825,10.463274,5.068303,0.13259616,0.4698882,-0.6988642,-0.62571573,-0.46847537,0.046225112,-0.16736114,0.30118454,0.059848085,0.69095534,3.374431,-0.0009953284,898.61597,1.249102,0.50346124,6541.5537,4222.2617,5511.3516,7485.9937,1.1286192,1.1445783,1.1677715,3.6854117,0.7569736,0.1764686,74.85121,65.803116,4.1023407,47.971203,31.154247,0.9545985,0.5821888,1.1849948,1.3456695,1.3707057,1.4965576,24.551119
-0.5230438,27.937735,21.021126,6.907,23.496588,58.45479,33.31587,4.3956294,2.3131928,0.14495723,2.61669,73.91241,27.27147,13.316764,4.0086827,1.4074188,19.947348,0.1881441,0.0978535,0.38159883,0.033790838,0.020579817,0.27803293,34.849827,1.2369432,2.5045648,11.7465,11.747566,0.99639285,21.109951,34.74271,11.98582,5.4415116,0.016088694,0.68042547,-0.4618183,-1.0841826,-0.40541658,0.15707424,-0.1693384,0.29188594,-0.0233879,0.62841016,4.4254694,-0.0021008612,951.3761,1.5111774,0.60890424,6383.421,3401.1624,5448.1455,7359.31,1.0092299,0.8966337,1.0814576,3.980443,1.2482171,0.1328187,77.926094,78.433426,8.137047,56.72643,35.940422,0.92779064,0.847862,1.3921825,1.5070812,1.606024,0.7311765,15.712817
-0.5007859,25.96336,20.595745,6.3358727,21.486753,54.867813,32.770695,4.218822,2.1777575,0.05721536,2.4660408,68.75424,24.658548,8.376922,3.3753266,1.151866,19.686487,0.1802894,0.09612281,0.38024268,0.033623975,0.02056752,0.28915364,35.455776,1.2046455,2.4253933,9.955396,10.893391,0.8761481,16.519093,31.61635,11.280485,5.871649,-0.08911677,-1.071338,-0.05368592,-0.15242985,0.38058317,0.34370285,-0.046676207,0.11461972,0.0048114127,0.6213383,3.9701037,-0.0020897838,907.39264,1.4677529,0.53241026,5942.9814,3275.069,5117.206,6804.8657,1.0366279,0.9885919,1.1231762,3.8265574,1.0564429,0.11746776,65.42261,69.633705,6.3931456,45.322987,37.02501,0.8532961,0.75626683,1.3281127,1.4712992,1.4473594,1.9670534,10.153226
-0.81612617,26.013958,18.399874,6.8084745,22.365736,61.22954,35.6529,4.50069,2.2402346,0.029251225,2.4166808,68.544495,28.162495,8.780841,3.3793187,1.0690409,18.76201,0.20382747,0.09031081,0.3927808,0.03100931,0.019959932,0.26211163,36.67595,1.1881483,2.7550027,10.177397,10.255982,0.91184527,18.251163,33.040226,9.96019,4.0261683,0.03581784,1.3005972,-0.5443203,-0.62349087,-0.50677526,0.10647365,-0.14294718,0.2569925,0.16929649,0.61263084,3.533034,-0.0015494059,926.0242,1.398193,0.44470084,5867.5596,2858.642,4983.6265,6528.44,0.91471744,0.8910183,0.93483436,3.6762938,1.0579126,0.15895627,73.0853,69.52136,5.8687325,46.794575,34.31626,0.8332295,0.80514276,1.1829985,1.4538494,1.4411843,0.7332824,21.46273
-0.5929337,26.47215,19.848053,6.717893,22.487076,57.582092,34.57138,4.3875875,2.3165996,0.07914363,2.4749548,71.663345,25.801434,9.646667,3.3026533,1.2013282,18.921528,0.18532841,0.09464644,0.3886376,0.034881085,0.022487056,0.2740194,41.886574,1.2105582,2.528236,13.202032,10.813924,0.9245668,20.141308,34.021294,11.31579,5.070375,-0.08772247,0.6343317,-0.13646963,-0.74954796,-0.2489183,0.042023476,-0.16710392,0.22155686,0.19607164,0.6133555,3.8843622,-0.0009312687,932.3622,1.4545124,0.53341436,6093.532,2951.0269,5251.648,6878.5254,0.9351996,0.87284905,1.0689071,3.9040112,1.1730396,0.15782516,71.75339,71.64724,7.4231434,47.324646,37.811504,0.8186768,0.75835526,1.0829812,1.515552,1.501661,0.62451077,16.924335
-1.370732,26.255074,15.957317,6.1735168,10.142681,26.856634,48.04424,6.3423076,1.7600147,-0.20429736,2.0017948,54.858875,31.503138,7.7708335,1.8643137,0.37930462,17.072836,0.20532441,0.054642394,0.22589464,0.014535683,0.009774376,0.15649517,15.286786,1.3428087,2.550395,2.003638,7.9964867,0.60786813,9.667375,13.148501,5.8628426,2.6897418,0.34672403,-1.040283,-0.13451338,0.28546667,-0.063939795,0.7880176,0.28882995,-0.20284115,-0.02976536,0.58814615,2.251589,-0.0022780353,777.8051,1.1680253,-0.016936915,5398.123,4651.6606,4236.352,5019.522,0.9994585,0.9483773,0.8993136,2.989755,0.5737101,-0.2007279,23.039988,28.580942,8.316724,11.138097,44.04472,0.48892808,0.74206144,-0.2662152,1.2867161,0.71732074,2.9998617,7.359438
-2.0097542,26.193447,17.311378,6.6262994,16.89534,43.49955,37.871567,7.538961,2.253419,-0.08219402,2.546109,75.42497,33.903755,8.164444,4.1727395,0.76283264,21.346,0.2414857,0.087589495,0.37061298,0.0247961,0.015547583,0.25996813,23.09114,1.2207246,2.864538,1.0104905,9.48312,1.007147,21.170021,32.558422,9.149841,4.1985507,0.118405685,-2.8732328,-0.17007393,1.3667544,-0.11827347,0.0848098,0.29911575,-0.3553822,0.1554562,0.6133069,3.9211082,-0.002149811,890.69995,1.4351729,0.182628,6120.5103,4190.944,5083.8853,5950.527,0.9996244,1.2302401,0.8727303,3.8083677,1.0592854,-0.12137235,43.622288,54.24376,14.317195,26.159836,45.9276,0.9938839,1.4362185,0.389163,1.7224525,1.5022123,2.680093,6.6496367
-1.5563738,28.061913,15.468014,7.966224,5.7270994,13.677033,60.67954,5.8443685,2.0483534,-0.16861947,2.0476177,57.28844,32.403095,11.37038,2.1257033,0.3293652,15.210788,0.30402115,0.083079055,0.3392966,0.023546882,0.01620501,0.2338513,25.739752,1.4297625,3.0754843,1.8622584,8.936216,0.6564038,8.289102,5.813724,5.21622,3.331867,-0.069294445,-2.195352,-0.17966673,0.36819333,0.4738078,0.89185697,0.3500105,-0.30932194,-0.005467767,0.5812722,2.1645575,-0.0040870043,656.23413,1.2366182,0.012698907,5410.4907,4457.112,4229.4707,4801.0537,0.9419393,0.77681106,0.9177227,2.8681235,0.5809899,-0.06866597,49.789932,14.141016,13.60354,4.015382,63.46719,0.57065535,0.49709654,-0.14844161,1.4362029,0.54047704,3.133586,4.737101
,29.6752,17.29673,8.032579,11.059173,26.973661,45.589535,11.2926235,2.1768606,-0.13863572,2.365334,60.537113,32.367596,13.459407,3.088913,0.50356275,15.960087,0.0,0.0,0.0,0.0,0.0,0.0,0.0,1.2789893,3.7289138,8.674836,7.9535775,1.636894,13.203714,40.083504,5.8265247,-2.1492682,-0.7575317,-1.7600237,-0.17355432,0.5276689,-0.8803988,-0.011439616,0.23620687,-0.26952356,-0.114669904,0.58967906,3.9288182,-0.0043998933,661.99664,1.4158356,0.13372694,4686.9536,4811.9214,3514.0366,4038.8428,0.86525846,0.8600181,0.6945744,3.619206,1.8313247,0.04532462,39.053143,26.997223,22.178028,8.690938,54.086445,0.730094,1.6908156,0.16887082,1.5459062,1.4314777,0.25852415,5.7102056
,27.64169,17.607134,7.3392587,10.495572,30.744736,38.103737,11.301691,1.977534,-0.12416375,2.3852606,62.444283,31.78114,18.197231,3.4674115,0.55009156,24.616863,0.0,0.0,0.0,0.0,0.0,0.0,0.0,1.2712157,4.166661,12.968326,8.124038,1.8031629,15.400007,44.628513,6.0194254,-2.2602146,-0.65883577,-2.041985,-0.40925446,0.4823905,-0.9289138,-0.13823536,0.29919568,-0.38497615,0.006115365,0.5898064,4.366391,-0.004568858,677.6346,1.3590925,0.20659924,4771.7334,5335.0137,3870.3367,4121.4106,0.767807,0.655436,0.45491403,3.7966805,1.8692257,-0.0062470045,48.44246,33.98403,20.244701,4.763883,53.032593,0.8074366,2.065597,0.19557853,1.5659978,1.5032979,0.090073355,4.8281593
-0.536675,49.53812,20.142,10.320738,14.38891,27.165075,27.529987,7.5489306,1.7871113,-0.09949135,2.189593,59.835842,44.167965,15.556417,2.5077648,0.824954,36.219658,0.011834974,0.004284238,0.01801087,0.001207695,0.00075587333,0.012686838,1.1179361,1.6270994,2.6352475,4.288124,8.249503,3.5702696,22.6457,34.439518,7.229578,3.1610982,-0.17022903,-1.701565,0.29007915,0.612444,0.24333316,0.58818746,0.23660743,-0.21840382,-0.0020782454,0.6091159,3.249211,-0.002305563,689.6325,1.2864739,0.08195962,6317.6914,5097.3027,5123.218,5706.787,1.035444,1.2629241,0.93930465,3.305294,1.8756796,0.13355845,44.628674,26.39937,21.287489,23.267082,30.327446,0.63215405,3.113813,-0.22990815,2.0091174,1.500399,1.5274707,7.7946005
-0.59694964,33.2225,17.194801,8.82586,5.4984436,12.08446,49.182045,5.717127,1.8476337,-0.14546445,2.3835826,61.013386,34.34335,16.211443,2.534498,0.301177,14.934868,0.19594403,0.054330923,0.22661863,0.01543612,0.010802903,0.15788434,18.069687,1.3179895,3.2689247,9.066314,8.191984,1.2171551,11.955403,20.250177,6.01076,2.4483154,-0.42649332,-2.3687053,-0.15620142,0.49480078,0.1857775,0.63594997,0.33725485,-0.33230338,-0.02627036,0.5807409,3.1614568,-0.005052879,505.93704,1.3434256,0.06395753,4748.5513,3660.3223,3830.813,4425.433,0.94228387,0.9656253,0.8486534,3.4663649,1.3088709,-0.028038964,45.01952,20.735716,19.066723,6.7282968,71.01591,0.7074404,0.7311579,0.17597473,1.6829511,1.0031543,2.704021,5.557314
0.0,41.459114,18.041918,9.797705,0.08788749,0.22193365,0.98704356,0.08585593,0.038408536,-0.06092825,2.4453254,61.81781,37.86057,11.556268,3.2397995,0.34627512,12.745389,0.084163725,0.022998089,0.09052492,0.0061396286,0.0042221695,0.06467874,6.693075,1.1813179,2.8311467,9.108106,9.462739,1.2105739,12.7535715,10.812983,6.273431,2.2594807,-0.5393149,-2.3564754,-0.10445206,0.5043801,0.15019132,0.6057593,0.3280572,-0.32648313,-0.04739856,0.5837252,3.4032385,-0.006403598,9.292591,1.4483074,0.2945096,4886.6646,2952.0176,3793.1003,4544.3203,0.91068614,0.8157781,0.71410525,3.4621716,1.3138255,0.09550918,48.278637,23.217535,9.65791,7.5551605,69.015945,0.8133884,0.81339884,0.1894656,1.9754919,0.7503605,2.9477844,3.5819445
-0.01641909,37.901894,17.952484,9.826845,0.84286976,2.1601388,10.809247,0.95206016,0.3734012,-0.04841035,2.4207356,58.345497,36.333122,9.043129,3.0977895,0.35413677,15.745331,0.12350755,0.033101454,0.13336155,0.009018657,0.0061577656,0.092702486,9.381429,1.207602,3.0630755,8.49716,9.195359,1.0615615,11.29576,8.991715,6.304884,1.4550908,-0.67326385,-2.3160348,-0.15069169,0.36879697,0.09819652,0.61835784,0.3371495,-0.3347747,0.003810193,0.5848755,3.2578351,-0.0051730843,108.87589,1.4299526,0.308525,4867.899,3307.5261,3786.4778,4543.845,0.88052285,0.6734757,0.8345429,3.5251846,1.3366624,0.08037418,48.22621,19.57736,11.371258,5.127747,71.89537,0.7530879,0.94757587,0.02772761,1.9353908,0.71649283,2.9489954,2.3602424
0.0,32.59313,17.205292,8.930479,5.7905855,13.625942,49.70985,6.6973577,1.8565866,-0.11323847,2.4292257,61.90868,32.808834,16.946571,3.0819397,0.5309937,22.546276,0.17874454,0.05033627,0.2111073,0.015125887,0.010637973,0.14274368,16.859686,1.2876447,3.2331884,11.633661,8.567919,1.5814644,16.080477,28.0215,6.136051,1.1401337,-0.6128487,-2.3230534,-0.20818092,0.39806548,-0.036962245,0.52120537,0.34562248,-0.35850772,0.02593161,0.5855072,3.7965493,-0.0049565225,554.8561,1.3638014,0.15129192,4938.267,3535.15,4014.0103,4520.9546,0.84562117,0.78490496,0.8019862,3.547514,1.4888269,-0.0014785884,46.764164,24.623367,20.61799,4.990653,68.35126,0.77033466,1.2866608,0.10111137,1.6766074,1.1705737,2.3631334,5.0475416
-0.059116043,33.900368,17.67498,8.797967,2.3900309,7.114031,17.120056,1.9242299,0.6873961,-0.042800065,1.9933571,50.53775,34.93562,6.733141,2.605698,0.35776404,13.705106,0.2723091,0.06953301,0.2634706,0.017044416,0.011157501,0.19382352,17.308191,1.4648107,2.3053777,6.601742,9.971738,0.90843177,10.56939,8.230287,5.831129,0.49862096,-0.3455916,-1.2914606,0.24753854,0.12110495,0.036829256,0.70359886,0.23472586,-0.18172663,-0.050887845,0.58694726,2.3155363,-0.005020304,265.52197,1.3081846,0.23977867,5094.128,3395.3394,3952.11,4674.8164,0.90356195,0.586104,0.59055483,2.957652,1.0155427,0.07462815,54.110577,19.236517,8.664001,8.405247,36.923058,0.5794133,0.81099993,-0.4578432,1.9301565,0.6725694,2.8235579,4.3682523
-0.0060860226,31.901396,18.858572,8.077031,1.805239,5.320509,15.009656,1.4176271,0.55504405,-0.05589466,2.033452,51.98871,35.685543,8.568588,2.1114025,0.27348152,13.41022,0.2513572,0.066746086,0.2465072,0.016368115,0.010837637,0.18596154,15.599587,1.4267946,2.2278569,6.66588,9.558562,0.9774676,9.930768,8.323842,5.595359,1.7155639,-0.36075264,-1.5563847,0.23344117,0.23466143,0.197048,0.70738333,0.24543028,-0.2051751,-0.074307404,0.5710678,2.03555,-0.00586989,216.0904,1.2325445,0.14075635,5084.4487,3556.0308,3883.3872,4451.618,0.8692247,0.72090477,0.5640468,2.8594,0.98545617,0.051999114,53.12133,21.19095,7.9885335,9.340273,40.330475,0.625213,0.62056184,-0.39613265,1.8209186,0.66127974,3.3044817,3.5004742
0.028709576,25.124504,18.16393,7.6319003,3.2662292,8.875793,19.266962,2.563664,0.9212193,-0.040644545,1.9669608,48.3849,30.982992,7.5316806,2.40175,0.2189674,16.824953,0.33398136,0.08661511,0.31003046,0.021732355,0.014302571,0.23333815,20.790295,1.6543978,2.1453292,7.2675877,9.904042,0.9179493,8.657458,8.722747,5.7844267,-2.5534916,0.48127756,-0.33935538,0.6552077,-0.03049752,-0.13792428,0.48087263,0.0066762906,0.08937386,-0.022441082,0.56837124,1.8586398,-0.0033236148,368.0483,1.1615077,0.12533157,4950.9814,3795.253,3918.3806,4596.2207,0.9927114,0.7643223,0.56166965,2.7186856,0.98521554,0.028530627,54.18582,11.632028,7.81835,3.7646298,26.167074,0.5382075,0.5514171,-0.8532383,1.6896315,0.7128251,2.0249364,3.4436662
0.05672137,25.835712,18.074791,7.1027117,3.2768896,9.064529,22.686045,2.4484153,0.9994188,-0.0855399,2.0014646,48.511112,30.931242,12.281149,1.8212179,0.15449096,12.540435,0.3272196,0.0879945,0.310176,0.022271188,0.014720978,0.23761773,20.011232,1.5970924,2.2533777,6.294076,8.094342,0.8403028,6.761475,8.193752,5.6414924,-1.8568985,0.11363101,-0.23230888,0.6258212,0.032287158,-0.12074157,0.51472926,0.052869454,0.02500892,-0.024378499,0.5675711,1.6066973,-0.0032679862,374.21945,1.0591046,-0.07183777,5282.202,3984.1255,4065.3894,4699.3506,0.9639615,0.7887837,0.6153634,2.601031,0.7355508,-0.11550776,52.16467,12.4288435,6.4768734,2.3540514,27.21447,0.52041554,0.2645834,-0.66247684,1.6486697,0.6551888,2.404466,5.2052107
